Aadorf,Kanton Thurgau
Aarau,Kanton Aargau
Aarberg,Kanton Bern
Aarburg,Kanton Aargau
Aarwangen,Kanton Bern
Abtwil,Kanton Aargau
Aclens,Kanton Waadt
Acquarossa,Kanton Tessin
Adelboden,Kanton Bern
Adligenswil,Kanton Luzern
Adlikon,Kanton ZÃ¼rich
Adliswil,Kanton ZÃ¼rich
Aedermannsdorf,Kanton Solothurn
Aefligen,Kanton Bern
Aegerten,Kanton Bern
Aesch (BL),Kanton Basel
Aesch (LU),Kanton Luzern
Aesch ZH,Kanton ZÃ¼rich
Aeschi,Kanton Solothurn
Aeschi bei Spiez,Kanton Bern
Aeschlen,Kanton Bern
Aetigkofen,Kanton Solothurn
Aetingen,Kanton Solothurn
Aeugst am Albis,Kanton ZÃ¼rich
Affeltrangen,Kanton ThurgauÃ¼nchwilen
Affoltern am Albis,Kanton ZÃ¼rich
Affoltern im Emmental,Kanton Bern
Agarn,Kanton Tessin
Agiez,Kanton Waadt
Agno,Kanton Tessin
Aigle,Kanton Waadt
Aire-la-Ville,Kanton Genf
Airolo,Kanton Tessin
Alberswil,Kanton Luzern
Albinen,Kanton Tessin
Albligen,Kanton Bern
Alchenstorf,Kanton Bern
Allaman,Kanton Waadt
Alle,Kanton Jura
Allmendingen,Kanton Bern
Allschwil,Kanton Basel
Almens,Kanton GraubÃ¼nden
Alpnach,Kanton Obwalden
Alpthal,Kanton Schwyz
Alt St. Johann,Kanton St. Gallen
AltbÃ¼ron,Kanton Luzern
Altdorf (SH),Kanton Schaffhausen
Altdorf (UR),Kanton Uri
Altendorf,Kanton Schwyz
Alterswil,Kanton Freiburg
Altikon,Kanton ZÃ¼rich
Altishofen,Kanton Luzern
Altnau,Kanton Thurgau
Alto Malcantone,Kanton Tessin
AltstÃ¤tten,Kanton St. Gallen
Altwis,Kanton Luzern
Alvaneu,Kanton GraubÃ¼nden
Alvaschein,Kanton GraubÃ¼nden
Amden,Kanton St. Gallen-Gaster
Amlikon-Bissegg,Kanton Thurgau
Ammerswil,Kanton Aargau
Amriswil,Kanton Thurgau
Amsoldingen,Kanton Bern
Andeer,Kanton GraubÃ¼nden
Andelfingen,Kanton ZÃ¼rich
Andermatt,Kanton Uri
Andiast,Kanton GraubÃ¼nden
Andwil SG,Kanton St. Gallen. Gallen
AniÃ¨res,Kanton Genf
Anwil,Kanton Basel
Anzonico,Kanton Tessin
Appenzell,Kanton Appenzell
Apples,Kanton Waadt
Aquila,Kanton Tessin
Aranno,Kanton Tessin
Arbaz,Kanton Tessin
Arbedo-Castione,Kanton Tessin
Arboldswil,Kanton Basel
Arbon,Kanton Thurgau
Arch,Kanton BernÃ¼ren
Arconciel,Kanton Freiburg
Ardez,Kanton GraubÃ¼nden
Ardon,Kanton Tessin
Arisdorf,Kanton Basel
Aristau,Kanton Aargau
Arlesheim,Kanton Basel
Arnex-sur-Nyon,Kanton Waadt
Arnex-sur-Orbe,Kanton Waadt
Arni,Kanton Aargau
Arni (BE),Kanton Bern
Arogno,Kanton Tessin
Arosa,Kanton GraubÃ¼nden
Arth,Kanton Schwyz
Arvigo,Kanton GraubÃ¼ndenÃ«sa
Arzier,Kanton Waadt
Arzo,Kanton Tessin
Ascona,Kanton Tessin
Assens,Kanton Waadt
Astano,Kanton Tessin
Asuel,Kanton Jura
Attalens,Kanton Freiburg
Attelwil,Kanton Aargau
Attinghausen,Kanton Uri
Attiswil,Kanton Bern
Au,Kanton St. Gallen
Aubonne,Kanton Waadt
Auboranges,Kanton FreiburgÃ¢ne
Auenstein,Kanton Aargau
Augst,Kanton Basel
Ausserberg,Kanton Tessin
Ausserferrera,Kanton GraubÃ¼nden
Auswil,Kanton Bern
Autafond,Kanton Freiburg
Autigny,Kanton Freiburg
Auvernier,Kanton Neuenburg
Auw,Kanton Aargau
Avegno,Kanton Tessin
Avenches,Kanton Waadt
Avers,Kanton GraubÃ¼nden
Avry,Kanton Freiburg
Avully,Kanton Genf
Avusy,Kanton Genf
Ayent,Kanton TessinÃ©rens
Ayer,Kanton Tessin
Baar,Kanton Zug
BachenbÃ¼lach,Kanton ZÃ¼richÃ¼lach
Bachs,Kanton ZÃ¼rich
Bachs,Kanton ZÃ¼rich
Bad Ragaz,Kanton St. Gallen
Baden,Kanton Aargau
Bagnes,Kanton Tessin
Baldingen,Kanton Aargau
Balerna,Kanton Tessin
Balgach,Kanton St. Gallen
Ballaigues,Kanton Waadt
Ballens,Kanton Waadt
Ballmoos,Kanton Bern
Ballwil,Kanton Luzern
Balm bei GÃ¼nsberg,Kanton Solothurn
Balm bei Messen,Kanton Solothurn
Balsthal,Kanton Solothurn
Baltschieder,Kanton Tessin
Bangerten,Kanton Bern
Bannwil,Kanton Bern
Barbengo,Kanton Tessin
BarberÃªche,Kanton Freiburg
Bardonnex,Kanton Genf
BÃ¤retswil,Kanton ZÃ¼rich
BÃ¤retswil,Kanton ZÃ¼rich
Bargen (BE),Kanton Bern
Bargen (SH),Kanton Schaffhausen
BÃ¤riswil,Kanton Bern
BÃ¤rschwil,Kanton Solothurn
Basadingen-Schlattingen,Kanton Thurgau
Basel,Kanton Basel / Stadt
Bas-Intyamon,Kanton FreiburgÃ¨re
Bassecourt,Kanton JuraÃ©lÃ©mont
Bassersdorf,Kanton ZÃ¼richÃ¼lach
Bassersdorf,Kanton ZÃ¼richÃ¼lach
Bassins,Kanton Waadt
Bas-Vully,Kanton Freiburg
BÃ¤tterkinden,Kanton Bern
BÃ¤ttwil,Kanton Solothurn
Bauen,Kanton Uri
Baulmes,Kanton Waadt
Bauma,Kanton ZÃ¼richÃ¤ffikon
Bauma,Kanton ZÃ¼richÃ¤ffikonBachenbÃ¼lach,Kanton ZÃ¼richÃ¼lach
Bavois,Kanton Waadt
Beatenberg,Kanton Bern
Beckenried,Kanton Nidwalden
Bedano,Kanton Tessin
Bedigliora,Kanton Tessin
Bedretto,Kanton Tessin
Beggingen,Kanton Schaffhausen
Begnins,Kanton Waadt
Beinwil,Kanton Solothurn
Beinwil (Freiamt),Kanton Aargau
Beinwil am See,Kanton Aargau
Belfaux,Kanton Freiburg
Bellach,Kanton Solothurn
Bellerive,Kanton Waadt
Bellevue,Kanton Genf
Bellikon,Kanton Aargau
Bellinzona,Kanton Tessin
Bellmund,Kanton Bern
Bellwald,Kanton Tessin
Belmont-sur-Lausanne,Kanton Waadt
Belmont-sur-Yverdon,Kanton Waadt
Belp,Kanton Bern
Belpberg,Kanton Bern
Belprahon,Kanton Bern
Benken SG,Kanton St. Gallen-Gaster
Benken ZH,Kanton ZÃ¼rich
Benken ZH,Kanton ZÃ¼rich
Bennwil,Kanton Basel
Benzenschwil,Kanton Aargau
Bercher,Kanton Waadt
Berg,Kanton St. Gallen
Berg (TG),Kanton Thurgau
Berg am Irchel,Kanton ZÃ¼rich
Berg am Irchel,Kanton ZÃ¼rich
Bergdietikon,Kanton Aargau
BergÃ¼n/Bravuogn,Kanton GraubÃ¼nden
Berikon,Kanton Aargau
Beringen,Kanton Schaffhausen
Berken,Kanton Bern
Berlingen,Kanton Thurgau
Bern,Kanton Bern
Berneck SG,Kanton St. Gallen
Bernex,Kanton Genf
Berolle,Kanton Waadt
BeromÃ¼nster,Kanton Luzern
Bertschikon,Kanton ZÃ¼rich
Bertschikon,Kanton ZÃ¼rich
Besazio,Kanton Tessin
BesenbÃ¼ren,Kanton Aargau
Betschwanden,Kanton Glarus
Betten,Kanton TessinÃ–stlich Raron
Bettenhausen,Kanton Bern
Bettens,Kanton Waadt
Bettingen,Kanton Basel(FR),Kanton Freiburg
Bettlach,Kanton Solothurn
Bettwiesen,Kanton ThurgauÃ¼nchwilen
Bettwil,Kanton Aargau
BeurnevÃ©sin,Kanton Jura
Bevaix,Kanton Neuenburg
Bever,Kanton GraubÃ¼nden
BÃ©vilard,Kanton Bern
Bex,Kanton Waadt
Biasca,Kanton Tessin
Biberist,Kanton Solothurn
Bibern (SH),Kanton Schaffhausen
Bibern (SO),Kanton Solothurn
Biberstein,Kanton Aargau
Bichelsee-Balterswil,Kanton ThurgauÃ¼nchwilen
Bidogno,Kanton Tessin
Biel- Kanton Bern
Biel-Benken,Kanton Basel
BiÃ¨re,Kanton Waadt
Biezwil,Kanton Solothurn
Biglen,Kanton Bern
Bignasco,Kanton Tessin
Billens-Hennens,Kanton FreiburgÃ¢ne
Bilten,Kanton Glarus
Binn,Kanton Tessin
Binningen,Kanton Basel
Bioggio,Kanton Tessin
Bioley-Magnoux,Kanton Waadt
Bioley-Orjulaz,Kanton Waadt
Birgisch,Kanton Wallis
Birmensdorf ZH- Kanton ZÃ¼rich
Birmensdorf ZH- Kanton ZÃ¼rich
Birmenstorf,Kanton Aargau
Bironico,Kanton Tessin
Birr,Kanton Aargau
Birrhard,Kanton Aargau
Birrwil,Kanton Aargau
Birsfelden,Kanton Basel
Birwinken,Kanton Thurgau
Bischofszell,Kanton Thurgau
Bissone,Kanton Tessin
Bister,Kanton TessinÃ–stlich Raron
Bitsch,Kanton TessinÃ–stlich Raron
Bivio,Kanton GraubÃ¼nden
Blatten,Kanton Tessin
Blauen,Kanton Basel
Bleienbach,Kanton Bern
Bleiken bei Oberdiessbach,Kanton Bern
Blitzingen,Kanton Tessin
Blonay,Kanton Waadt
Blumenstein,Kanton Bern
BÃ¶bikon,Kanton Aargau
BÃ¶ckten,Kanton Basel
Bodio,Kanton Tessin
BoÃ©court,Kanton JuraÃ©lÃ©mont
Bofflens,Kanton Waadt
Bogis-Bossey,Kanton Waadt
Bogno,Kanton Tessin
BÃ´le,Kanton Neuenburg
Bolken,Kanton Solothurn
Bolligen,Kanton Bern
Bollodingen,Kanton Bern
Boltigen,Kanton Bern
Bonaduz,Kanton GraubÃ¼nden
Boncourt,Kanton Jura
Bondo,Kanton GraubÃ¼nden
Bonfol,Kanton Jura
BÃ¶nigen,Kanton Bern
Boningen,Kanton Solothurn
Boniswil,Kanton Aargau
Bonstetten,Kanton ZÃ¼rich
Bonstetten,Kanton ZÃ¼rich
Bonvillars,Kanton Waadt
Boppelsen,Kanton ZÃ¼rich
Boppelsen,Kanton ZÃ¼rich
Borex,Kanton Waadt
Borgnone,Kanton Tessin
Bosco/Gurin,Kanton Tessin
BÃ¶singen,Kanton Freiburg
Bossonnens,Kanton Freiburg
Boswil,Kanton Aargau
Bottens,Kanton Waadt
Bottenwil,Kanton Aargau
Botterens,Kanton FreiburgÃ¨re
Bottighofen,Kanton Thurgau
Bottmingen,Kanton Basel
BÃ¶ttstein,Kanton Aargau
Boudevilliers,Kanton Neuenburg Ruz
Boudry,Kanton Neuenburg
Bougy-Villars,Kanton Waadt
Boulens,Kanton Waadt
Bourg-Saint-Pierre,Kanton Tessin
Bournens,Kanton Waadt
Bourrignon,Kanton JuraÃ©lÃ©mont
Boussens,Kanton Waadt
Boveresse,Kanton Neuenburg Travers
Bovernier,Kanton Tessin
Bowil,Kanton Bern
BÃ¶zen,Kanton Aargau
Braggio,Kanton GraubÃ¼ndenÃ«sa
Bratsch,Kanton Tessin
Braunau,Kanton ThurgauÃ¼nchwilen
Braunwald,Kanton Glarus
Breil/Brigels,Kanton GraubÃ¼nden
Breitenbach,Kanton Solothurn
Bremblens,Kanton Waadt
Bremgarten,Kanton Aargau
Bremgarten bei Bern,Kanton Bern
Brenles,Kanton Waadt
Brenzikofen,Kanton Bern
Bressaucourt,Kanton Jura
Bretigny-sur-Morrens,Kanton Waadt
BretonniÃ¨res,Kanton Waadt
Bretzwil,Kanton Basel
Brienz (BE),Kanton Bern
Brienz/Brinzauls,Kanton GraubÃ¼nden
Brienzwiler,Kanton Bern
Brig-Glis,Kanton Wallis
Brione (Verzasca),Kanton Tessin
Brione sopra Minusio,Kanton Tessin
Brislach,Kanton Basel
Brissago,Kanton Tessin
Brittnau,Kanton Aargau
Broc,Kanton FreiburgÃ¨re
Bronschhofen,Kanton St. Gallen
Brot-Dessous,Kanton Neuenburg
Brot-Plamboz,Kanton Neuenburg
Brugg,Kanton Aargau
BrÃ¼gg (BE),Kanton Bern
BrÃ¼gglen,Kanton Solothurn
Brunegg,Kanton Aargau
BrÃ¼nisried,Kanton Freiburg
Brunnadern,Kanton St. Gallen
Brunnenthal,Kanton Solothurn
Brusino Arsizio,Kanton Tessin
Brusio,Kanton GraubÃ¼nden
BrÃ¼ttelen,Kanton Bern
BrÃ¼tten,Kanton ZÃ¼rich
BrÃ¼tten,Kanton ZÃ¼rich
Bruzella,Kanton Tessin
Bubendorf,Kanton Basel
Bubikon,Kanton ZÃ¼rich
Bubikon,Kanton ZÃ¼rich
Buch (SH),Kanton Schaffhausen
Buch am Irchel,Kanton ZÃ¼rich
Buch am Irchel,Kanton ZÃ¼rich
Buchberg,Kanton Schaffhausen
Buchholterberg,Kanton Bern
Buchillon,Kanton Waadt
Buchrain,Kanton Luzern
Buchs,Kanton Aargau
Buchs,Kanton St. Gallen
Buchs ZH,Kanton ZÃ¼rich
Buchs ZH,Kanton ZÃ¼rich
BÃ¼chslen,Kanton Freiburg
Buckten,Kanton Basel
BÃ¼etigen,Kanton BernÃ¼ren
BÃ¼hl,Kanton Bern
BÃ¼hler,Kanton Appenzell
Buix,Kanton Jura
BÃ¼lach,Kanton ZÃ¼richÃ¼lach
BÃ¼lach,Kanton ZÃ¼richÃ¼lach
Bulle,Kanton FreiburgÃ¨re
Bullet,Kanton Waadt
BÃ¼nzen,Kanton Aargau
Buochs,Kanton Nidwalden
BÃ¼rchen,Kanton Tessin
Bure,Kanton Jura
BÃ¼ren,Kanton Solothurn
BÃ¼ren an der Aare,Kanton BernÃ¼ren
BÃ¼ren zum Hof,Kanton Bern
Burg,Kanton Aargau
Burg im Leimental,Kanton Basel
Burgdorf,Kanton Bern
Burgistein,Kanton Bern
BÃ¼rglen (TG),Kanton Thurgau
BÃ¼rglen (UR),Kanton Uri
BÃ¼ron,Kanton Luzern
Bursinel,Kanton Waadt
Bursins,Kanton Waadt
Burtigny,Kanton Waadt
Buseno,Kanton GraubÃ¼ndenÃ«sa
BÃ¼sserach,Kanton Solothurn
Bussigny-prÃ¨s-Lausanne,Kanton Waadt
Bussigny-sur-Oron,Kanton Waadt
Bussnang,Kanton Thurgau
Busswil bei BÃ¼ren,Kanton BernÃ¼ren
Busswil bei Melchnau,Kanton Bern
Bussy-Chardonney,Kanton Waadt
Bussy-sur-Moudon,Kanton Waadt
BÃ¼tschwil,Kanton St. Gallen
BÃ¼ttenhardt,Kanton Schaffhausen
Buttes,Kanton Neuenburg Travers
BÃ¼ttikon,Kanton Aargau
Buttisholz,Kanton Luzern
Buttwil,Kanton Aargau
Buus,Kanton Basel
Cabbio,Kanton Tessin
Cademario,Kanton Tessin
Cadempino,Kanton Tessin
Cadenazzo,Kanton Tessin
Cadro,Kanton Tessin
Calfreisen,Kanton GraubÃ¼nden
Calpiogna,Kanton Tessin
Cama,Kanton GraubÃ¼ndenÃ«sa
Camignolo,Kanton Tessin
Camorino,Kanton Tessin
Campello,Kanton Tessin
Campo (Blenio),Kanton Tessin
Campo (Vallemaggia),Kanton Tessin
Caneggio,Kanton Tessin
Canobbio,Kanton Tessin
Capolago,Kanton Tessin
Capriasca,Kanton Tessin
Carabbia,Kanton Tessin
Carabietta,Kanton Tessin
Carona,Kanton Tessin
Carouge (GE),Kanton Genf
Carrouge,Kanton Waadt
Cartigny,Kanton Genf
Caslano,Kanton Tessin
Castaneda,Kanton GraubÃ¼ndenÃ«sa
Castasegna,Kanton GraubÃ¼nden
Castel San Pietro,Kanton Tessin
Castiel,Kanton GraubÃ¼nden
Casti-Wergenstein,Kanton GraubÃ¼nden
Castrisch,Kanton GraubÃ¼nden
Cauco,Kanton GraubÃ¼ndenÃ«sa
Cavagnago,Kanton Tessin
Cavergno,Kanton Tessin
Caviano,Kanton Tessin
Cavigliano,Kanton Tessin
Celerina/Schlarigna,Kanton GraubÃ¼nden
CÃ©ligny,Kanton Genf
Cerentino,Kanton Tessin
Cerniat (FR),Kanton FreiburgÃ¨re
Cerniaz,Kanton Waadt
Cernier,Kanton Neuenburg Ruz
Certara,Kanton Tessin
Cevio,Kanton Tessin
ChÃ¢bles,Kanton Freiburg
Chabrey,Kanton Waadt
Chalais,Kanton Tessin

Cham,Kanton Zug
Chamblon,Kanton Waadt
Chamoson,Kanton Tessin
Champagne,Kanton Waadt
ChampÃ©ry,Kanton Tessin
Champoz,Kanton Bern
Champtauroz,Kanton Waadt
Champvent,Kanton Waadt
Chancy,Kanton Genf
Chandolin,Kanton Tessin
ChanÃ©az,Kanton Waadt
Chapelle (GlÃ¢ne),Kanton FreiburgÃ¢ne
Chapelle-sur-Moudon,Kanton Waadt
Chardonne,Kanton Waadt
Charmey,Kanton FreiburgÃ¨re
Charmoille,Kanton Jura
Charrat,Kanton Tessin
ChÃ¢teau-d'Å’x,Kanton Waadt' Enhaut
ChÃ¢telat,Kanton Bern
ChÃ¢tel-Saint-Denis,Kanton Freiburg
ChÃ¢tel-sur-Montsalvens,Kanton FreiburgÃ¨re
ChÃ¢tillens,Kanton Waadt
ChÃ¢tillon (FR),Kanton Freiburg
ChÃ¢tillon (JU),Kanton JuraÃ©lÃ©mont
ChÃ¢tonnaye,Kanton FreiburgÃ¢ne
Chavannes-de-Bogis,Kanton Waadt
Chavannes-des-Bois,Kanton Waadt
Chavannes-le-ChÃªne,Kanton Waadt
Chavannes-le-Veyron,Kanton Waadt
Chavannes-prÃ¨s-Renens,Kanton Waadt
Chavannes-sur-Moudon,Kanton Waadt
Chavornay,Kanton Waadt
Cheiry,Kanton Freiburg
ChÃªne-Bougeries,Kanton Genf
ChÃªne-Bourg,Kanton Genf
ChÃ©nens,Kanton Freiburg
ChÃªne-PÃ¢quier,Kanton Waadt
Chermignon,Kanton Tessin
Chesalles-sur-Moudon,Kanton Waadt
Chesalles-sur-Oron,Kanton Waadt
Cheseaux-NorÃ©az,Kanton Waadt
Cheseaux-sur-Lausanne,Kanton Waadt
ChÃ©serex,Kanton Waadt
ChÃ©sopelloz,Kanton Freiburg
Chessel,Kanton Waadt
Chevenez,Kanton Jura
Chevilly,Kanton Waadt
Chevroux,Kanton Waadt
Chexbres,Kanton Waadt
Cheyres,Kanton Freiburg
ChÃ©zard-Saint-Martin,Kanton Neuenburg Ruz
Chiasso,Kanton Tessin
Chigny,Kanton Waadt
Chippis,Kanton Tessin
Chironico,Kanton Tessin
Choulex,Kanton Genf
Chur,Kanton GraubÃ¼nden
Churwalden,Kanton GraubÃ¼nden
Cimadera,Kanton Tessin
Clarmont,Kanton Waadt
Claro,Kanton Tessin
Clavaleyres,Kanton Bern
Clugin,Kanton GraubÃ¼nden
Coeuve,Kanton Jura
Coffrane,Kanton Neuenburg Ruz
Coinsins,Kanton Waadt
Coldrerio,Kanton Tessin
Collex-Bossy,Kanton Genf
Collina d'Oro,Kanton Tessin
Collombey-Muraz,Kanton Tessin
Collonge-Bellerive,Kanton Genf
Collonges,Kanton Tessin. Moritz
Cologny,Kanton Genf
Colombier,Kanton Waadt
Colombier (NE),Kanton Neuenburg
Comano,Kanton Tessin
Combremont-le-Grand,Kanton Waadt
Combremont-le-Petit,Kanton Waadt
Commugny,Kanton Waadt
Concise,Kanton Waadt
Confignon,Kanton Genf
Constantine,Kanton Waadt
Conters im PrÃ¤ttigau,Kanton GraubÃ¼ndenÃ¤ttigau / Davos
Conthey,Kanton Tessin
Contone,Kanton Tessin
Coppet,Kanton Waadt
Corban,Kanton JuraÃ©lÃ©mont
Corbeyrier,Kanton Waadt
CorbiÃ¨res,Kanton FreiburgÃ¨re
Corcelles BE,Kanton Bern
Corcelles-CormondrÃ¨che,Kanton Neuenburg
Corcelles-le-Jorat,Kanton Waadt
Corcelles-prÃ¨s-Concise,Kanton Waadt
Corcelles-prÃ¨s-Payerne,Kanton Waadt
Corcelles-sur-Chavornay,Kanton Waadt
CorgÃ©mont,Kanton Bern
Corippo,Kanton Tessin
Corminboeuf,Kanton Freiburg
Cormoret,Kanton Bern
Cornaux,Kanton NeuenburgÃ¢tel
Cornol,Kanton Jura
Corpataux-Magnedens,Kanton Freiburg
Correvon,Kanton Waadt
Corseaux,Kanton Waadt
Corserey,Kanton Freiburg
Corsier (GE),Kanton Genf
Corsier-sur-Vevey,Kanton Waadt
Cortaillod,Kanton Neuenburg
CortÃ©bert,Kanton Bern
Corticiasca,Kanton Tessin
Cossonay,Kanton Waadt
Cottens (FR),Kanton Freiburg
Cottens (VD),Kanton Waadt
Courchapoix,Kanton JuraÃ©lÃ©mont
Courchavon,Kanton Jura
Courfaivre,Kanton JuraÃ©lÃ©mont
Courgenay,Kanton Jura
Courgevaux,Kanton Freiburg
Courlevon,Kanton Freiburg
Courrendlin,Kanton JuraÃ©lÃ©mont
Courroux,Kanton JuraÃ©lÃ©mont
Court,Kanton Bern
Courtedoux,Kanton Jura
Courtelary,Kanton Bern
CourtemaÃ®che,Kanton Jura
Courtepin,Kanton Freiburg
CourtÃ©telle,Kanton JuraÃ©lÃ©mont
Couvet,Kanton Neuenburg Travers
Crans-prÃ¨s-CÃ©ligny,Kanton Waadt
Crassier,Kanton Waadt
Cremin,Kanton Waadt
CrÃ©mines,Kanton Bern
Cresciano,Kanton Tessin
Cressier (FR),Kanton Freiburg
Cressier (NE),Kanton NeuenburgÃ¢tel
CrÃ©suz,Kanton FreiburgÃ¨re
Crissier,Kanton Waadt
Croglio,Kanton Tessin
Cronay,Kanton Waadt
Croy,Kanton Waadt
Cuarnens,Kanton Waadt
Cuarny,Kanton Waadt
Cudrefin,Kanton Waadt
Cugnasco,Kanton Tessin
Cugy,Kanton Waadt
Cugy (FR),Kanton Freiburg
Cully,Kanton Waadt
Cumbel,Kanton GraubÃ¼nden
Cunter,Kanton GraubÃ¼nden
Cureglia,Kanton Tessin
Curio,Kanton Tessin
Curtilles,Kanton Waadt
Dachsen,Kanton ZÃ¼rich
DÃ¤gerlen,Kanton ZÃ¼rich
Dagmersellen,Kanton Luzern
Daillens,Kanton Waadt

Dallenwil,Kanton Nidwalden
DÃ¤llikon,Kanton ZÃ¼rich
Dalpe,Kanton Tessin
Damphreux,Kanton Jura
Damvant,Kanton Jura
DÃ¤niken,Kanton Solothurn
DÃ¤nikon,Kanton ZÃ¼rich
Dardagny,Kanton Genf
DÃ¤rligen,Kanton Bern
DÃ¤rstetten,Kanton Bern
DÃ¤ttlikon,Kanton ZÃ¼rich
Davos,Kanton GraubÃ¼ndenÃ¤ttigau / Davos
Degen,Kanton GraubÃ¼nden
Degersheim SG,Kanton St. Gallen
Deisswil bei MÃ¼nchenbu.,Kanton Bern
Deitingen,Kanton Solothurn
DelÃ©mont,Kanton JuraÃ©lÃ©mont
Delley-Portalban,Kanton Freiburg
DÃ©moret,Kanton Waadt
Denens,Kanton Waadt
Denezy,Kanton Waadt
Denges,Kanton Waadt
DensbÃ¼ren,Kanton Aargau
Derendingen,Kanton Solothurn
Develier,Kanton JuraÃ©lÃ©mont
Diegten,Kanton Basel
Dielsdorf,Kanton ZÃ¼rich
Diemerswil,Kanton Bern
Diemtigen,Kanton Bern
Diepflingen,Kanton Basel
Diepoldsau,Kanton St. Gallen
Dierikon,Kanton Luzern
Diessbach bei BÃ¼ren,Kanton BernÃ¼ren
Diesse,Kanton Bern
Diessenhofen,Kanton Thurgau
Dietikon- Kanton ZÃ¼rich
Dietlikon,Kanton ZÃ¼richÃ¼lach
Dietwil,Kanton Aargau
Dinhard,Kanton ZÃ¼rich
Dintikon,Kanton Aargau
Disentis/MustÃ©r,Kanton GraubÃ¼nden
Dittingen,Kanton Basel
Dizy,Kanton Waadt
Domat/Ems,Kanton GraubÃ¼nden
Dombresson,Kanton Neuenburg Ruz
Domdidier,Kanton Freiburg
Dommartin,Kanton Waadt
Dompierre,Kanton Waadt
Dompierre (FR),Kanton Freiburg
Donat,Kanton GraubÃ¼nden
Donatyre,Kanton Waadt
Donneloye,Kanton Waadt
Doppleschwand,Kanton Luzern
DorÃ©naz,Kanton Tessin. Moritz
Dorf,Kanton ZÃ¼rich
DÃ¶rflingen,Kanton Schaffhausen
Dornach,Kanton Solothurn
Dottikon,Kanton Aargau
DÃ¶ttingen,Kanton Aargau
Dotzigen,Kanton BernÃ¼ren
Dozwil,Kanton Thurgau
DÃ¼bendorf,Kanton ZÃ¼rich
DÃ¼dingen,Kanton Freiburg
Duggingen,Kanton Basel
Duillier,Kanton Waadt
Dulliken,Kanton Solothurn
Dully,Kanton Waadt
DÃ¼rnten,Kanton ZÃ¼rich
DÃ¼rrenÃ¤sch,Kanton Aargau
DÃ¼rrenroth,Kanton Bern
Duvin,Kanton GraubÃ¼nden
Ebersecken,Kanton Luzern
Ebikon,Kanton Luzern
Ebnat-Kappel,Kanton St. Gallen
Echallens,Kanton Waadt
Echandens,Kanton Waadt
Echarlens,Kanton FreiburgÃ¨re
Echichens,Kanton Waadt
Eclagnens,Kanton Waadt
EclÃ©pens,Kanton Waadt
Ecoteaux,Kanton Waadt
Ecublens,Kanton Waadt
Ecublens (FR),Kanton FreiburgÃ¢ne
Ederswiler,Kanton JuraÃ©lÃ©mont
Effingen,Kanton Aargau
Egerkingen,Kanton SolothurnÃ¤u
Egg,Kanton ZÃ¼rich
Eggenwil,Kanton Aargau
Eggerberg,Kanton Wallis
Eggersriet,Kanton St. Gallen. Gallen
Eggiwil,Kanton Bern
Egliswil,Kanton Aargau
Egnach,Kanton Thurgau
Egolzwil,Kanton Luzern
Ehrendingen,Kanton Aargau
Eich,Kanton Luzern
Eichberg SG,Kanton St. Gallen
Eiken,Kanton Aargau
Einsiedeln,Kanton Schwyz
Eischoll,Kanton Tessin
Eisten,Kanton Tessin
Elfingen,Kanton Aargau
Elgg,Kanton ZÃ¼rich
Ellikon an der Thur,Kanton ZÃ¼rich
Elm,Kanton Glarus
Elsau,Kanton ZÃ¼rich
Embd,Kanton Tessin
Embrach,Kanton ZÃ¼richÃ¼lach
Emmen,Kanton Luzern

Emmetten,Kanton Nidwalden
Endingen,Kanton Aargau
Engelberg,Kanton Obwalden
Enges,Kanton NeuenburgÃ¢tel
Engi,Kanton Glarus
Engollon,Kanton Neuenburg Ruz
Ennenda,Kanton Glarus
Ennetbaden,Kanton Aargau
EnnetbÃ¼rgen,Kanton Nidwalden
Ennetmoos,Kanton Nidwalden
Entlebuch,Kanton Luzern
Epalinges,Kanton Waadt
Epauvillers,Kanton Jura-Montagnes
Ependes,Kanton Waadt
Ependes (FR),Kanton Freiburg
Epesses,Kanton Waadt
Epiquerez,Kanton Jura-Montagnes
Eppenberg-WÃ¶schnau,Kanton Solothurn
Epsach,Kanton Bern
Eptingen,Kanton Basel
Ergisch,Kanton Tessin
Eriswil,Kanton Bern
Eriz,Kanton Bern
Erlach,Kanton Bern
Erlen,Kanton Thurgau
Erlenbach im Simmental,Kanton Bern
Erlenbach ZH,Kanton ZÃ¼rich
Erlinsbach,Kanton Aargau
Erlinsbach (SO),Kanton SolothurnÃ¶sgen
Ermatingen,Kanton Thurgau
Ermensee,Kanton Luzern
Ernen,Kanton Tessin
Ernetschwil,Kanton St. Gallen-Gaster
Erschmatt,Kanton Tessin
Erschwil,Kanton Solothurn
Ersigen,Kanton Bern
Erstfeld,Kanton Uri
Eschenbach,Kanton St. Gallen-Gaster
Eschenbach (LU),Kanton Luzern
Eschenz,Kanton Thurgau
Eschert,Kanton Bern
Eschlikon,Kanton ThurgauÃ¼nchwilen
Escholzmatt,Kanton Luzern
Essertes,Kanton Waadt
Essertines-sur-Rolle,Kanton Waadt
Essertines-sur-Yverdon,Kanton Waadt
Essert-Pittet,Kanton Waadt
Essert-sous-Champvent,Kanton Waadt
Estavayer-le-Lac,Kanton Freiburg
EtagniÃ¨res,Kanton Waadt
Etoy,Kanton Waadt
Ettingen,Kanton Basel
Ettiswil,Kanton Luzern
Etzelkofen,Kanton Bern
Etzgen,Kanton Aargau
Etziken,Kanton Solothurn
Evilard,Kanton Bern
Evionnaz,Kanton Tessin. Moritz
EvolÃ¨ne,Kanton TessinÃ©rens
Eysins,Kanton Waadt
Fahrni,Kanton Bern
Fahrwangen,Kanton Aargau
Fahy,Kanton Jura
Faido,Kanton Tessin
Falera,Kanton GraubÃ¼nden
FÃ¤llanden,Kanton ZÃ¼rich
Fanas,Kanton GraubÃ¼ndenÃ¤ttigau / Davos
Faoug,Kanton Waadt
Farnern,Kanton Bern
Farvagny,Kanton Freiburg
FÃ©chy,Kanton Waadt
Fehraltorf,Kanton ZÃ¼richÃ¤ffikon
Fehren,Kanton Solothurn
Felben-Wellhausen,Kanton Thurgau
Feldbrunnen-St. Niklaus,Kanton Solothurn
Feldis/Veulden,Kanton GraubÃ¼nden
Felsberg,Kanton GraubÃ¼nden
Fenin-Vilars-Saules,Kanton Neuenburg Ruz
Ferden,Kanton Tessin
Ferenbalm,Kanton Bern
Ferlens,Kanton Waadt
Ferpicloz,Kanton Freiburg
Ferreyres,Kanton Waadt
FÃ©tigny,Kanton Freiburg
Feuerthalen,Kanton ZÃ¼rich
Feusisberg,Kanton Schwyz
Fey,Kanton Waadt
Fideris,Kanton GraubÃ¼ndenÃ¤ttigau / Davos
Fiesch,Kanton Tessin
Fieschertal,Kanton Tessin
Fiez,Kanton Waadt
Filet,Kanton TessinÃ–stlich Raron
Filisur,Kanton GraubÃ¼nden
Filzbach,Kanton Glarus
Finhaut,Kanton Tessin. Moritz
Finsterhennen,Kanton Bern
Fischbach,Kanton Luzern
Fischbach-GÃ¶slikon,Kanton Aargau
Fischenthal,Kanton ZÃ¼rich
Fischingen,Kanton ThurgauÃ¼nchwilen
Fisibach,Kanton Aargau
Fislisbach,Kanton Aargau
Flaach,Kanton ZÃ¼rich
FlÃ¤sch,Kanton GraubÃ¼nden
Flawil,Kanton St. Gallen
Fleurier,Kanton Neuenburg Travers
Flims,Kanton GraubÃ¼nden
Flond,Kanton GraubÃ¼nden

FlÃ¼elen,Kanton Uri
FlÃ¼hli,Kanton Luzern
Flumenthal,Kanton Solothurn
Flums,Kanton St. Gallen
Flurlingen,Kanton ZÃ¼rich
Font,Kanton Freiburg
Fontainemelon,Kanton Neuenburg Ruz
Fontaines (NE),Kanton Neuenburg Ruz
Fontaines-sur-Grandson,Kanton Waadt
Fontanezier,Kanton Waadt
Fontenais,Kanton Jura
Forel (Lavaux),Kanton Waadt
Forel-sur-Lucens,Kanton Waadt
Forst,Kanton Bern
Founex,Kanton Waadt
FrÃ¤schels,Kanton Freiburg
Frasco,Kanton Tessin
Fraubrunnen,Kanton Bern
Frauenfeld,Kanton Thurgau
Frauenkappelen,Kanton Bern
FregiÃ©court,Kanton Jura
Freiburg i.Ue./Fribourg,Kanton Freiburg
Freienbach,Kanton Schwyz
Freienstein-Teufen,Kanton ZÃ¼richÃ¼lach
Freienwil,Kanton Aargau
Freimettigen,Kanton Bern
Frenkendorf,Kanton Basel
Fresens,Kanton Neuenburg
Frick,Kanton Aargau
Froideville,Kanton Waadt
Frutigen,Kanton Bern
Ftan,Kanton GraubÃ¼nden
Fuldera,Kanton GraubÃ¼nden
Fulenbach,Kanton Solothurn
FÃ¼llinsdorf,Kanton Basel
Full-Reuenthal,Kanton Aargau
Fully,Kanton Tessin
Furna,Kanton GraubÃ¼ndenÃ¤ttigau / Davos
FÃ¼rstenau,Kanton GraubÃ¼nden
GÃ¤chlingen,Kanton Schaffhausen
Gachnang,Kanton Thurgau
Gadmen,Kanton Bern
Gais,Kanton Appenzell
Gaiserwald,Kanton St. Gallen. Gallen
Galgenen,Kanton Schwyz
Gallenkirch,Kanton Aargau
Galmiz,Kanton Freiburg
Gals,Kanton Bern
Gampel,Kanton Tessin
Gampelen,Kanton Bern
Gams,Kanton St. Gallen
GÃ¤nsbrunnen,Kanton Solothurn
Gansingen,Kanton Aargau
Ganterschwil,Kanton St. Gallen
Gebenstorf,Kanton Aargau
Gelfingen,Kanton Luzern
Gelterfingen,Kanton Bern
Gelterkinden,Kanton Basel
Geltwil,Kanton Aargau
Gempen,Kanton Solothurn
Gempenach,Kanton Freiburg
Genestrerio,Kanton Tessin
GenÃ¨ve,Kanton Genf
Genolier,Kanton Waadt
Genthod,Kanton Genf
Gerlafingen,Kanton Solothurn
Geroldswil- Kanton ZÃ¼rich
Gerra (Gambarogno),Kanton Tessin
Gerra (Verzasca),Kanton Tessin
Gersau,Kanton Schwyz
Gerzensee,Kanton Bern
Gettnau,Kanton Luzern
Geuensee,Kanton Luzern
Ghirone,Kanton Tessin
Giebenach,Kanton Basel
Giez,Kanton Waadt
Giffers,Kanton Freiburg
Gilly,Kanton Waadt
Gimel,Kanton Waadt
Gingins,Kanton Waadt
Giornico,Kanton Tessin
Gipf-Oberfrick,Kanton Aargau
Gisikon,Kanton Luzern

Giswil,Kanton Obwalden
Giubiasco,Kanton Tessin
Givisiez,Kanton Freiburg
Givrins,Kanton Waadt
Gland,Kanton Waadt
Glarus,Kanton Glarus
Glattfelden,Kanton ZÃ¼richÃ¼lach
Gletterens,Kanton Freiburg
Glovelier,Kanton JuraÃ©lÃ©mont
Gnosca,Kanton Tessin
Golaten,Kanton Bern
Goldach SG,Kanton St. Gallen
Goldingen,Kanton St. Gallen-Gaster
Gollion,Kanton Waadt
Gommiswald,Kanton St. Gallen-Gaster
Gondiswil,Kanton Bern
Gonten,Kanton Appenzell
Gontenschwil,Kanton Aargau
Gordevio,Kanton Tessin
Gordola,Kanton Tessin
Gorduno,Kanton Tessin
Gorgier,Kanton Neuenburg
GÃ¶schenen,Kanton Uri
Gossau SG,Kanton St. Gallen. Gallen
Gossau ZH,Kanton ZÃ¼rich
Gossens,Kanton Waadt
Gossliwil,Kanton Solothurn
Gottlieben,Kanton Thurgau
Goumoens-la-Ville,Kanton Waadt
Goumoens-le-Jux,Kanton Waadt
Goumois,Kanton Jura-Montagnes
Graben,Kanton Bern
Grabs,Kanton St. Gallen
GrÃ¤chen,Kanton Tessin
Grafenried,Kanton Bern
Grafschaft,Kanton Tessin
Grancia,Kanton Tessin
Grancy,Kanton Waadt
Grandcour,Kanton Waadt
Grandevent,Kanton Waadt
Grandfontaine,Kanton Jura
Grandson,Kanton Waadt
Grandval,Kanton Bern
Grandvaux,Kanton Waadt
Grandvillard,Kanton FreiburgÃ¨re
Granges (Veveyse),Kanton Freiburg
Granges-Paccot,Kanton Freiburg
Granges-prÃ¨s-Marnand,Kanton Waadt
Grangettes,Kanton FreiburgÃ¢ne
GrÃ¤nichen,Kanton Aargau
Gravesano,Kanton Tessin
Greifensee,Kanton ZÃ¼rich
Grellingen,Kanton Basel
Grenchen,Kanton Solothurn
Greng,Kanton Freiburg
Grengiols,Kanton TessinÃ–stlich Raron
Grens,Kanton Waadt
Greppen,Kanton Luzern
Gresso,Kanton Tessin
Gressy,Kanton Waadt
Gretzenbach,Kanton Solothurn
Grimentz,Kanton Tessin
Grimisuatz,Kanton Tessin
Grindel,Kanton Solothurn
Grindelwald,Kanton Bern
Grolley,Kanton Freiburg
GrÃ´ne,Kanton Tessin
Grono,Kanton GraubÃ¼ndenÃ«sa
Grossaffoltern,Kanton Bern
Grossdietwil,Kanton Luzern
GrosshÃ¶chstetten,Kanton Bern
Grosswangen,Kanton Luzern
Grub,Kanton Appenzell
GrÃ¼ningen,Kanton ZÃ¼rich
GrÃ¼sch,Kanton GraubÃ¼ndenÃ¤ttigau / Davos
GruyÃ¨res,Kanton FreiburgÃ¨re
Gryon,Kanton Waadt
Gsteig bei Gstaad,Kanton Bern
Gsteigwiler,Kanton Bern
Guarda,Kanton GraubÃ¼nden
Gudo,Kanton Tessin
Guggisberg,Kanton Bern
GÃ¼ndlischwand,Kanton Bern
GÃ¼nsberg,Kanton Solothurn
Guntmadingen,Kanton Schaffhausen
Gunzgen,Kanton Solothurn
Gunzwil,Kanton Luzern
GurbrÃ¼,Kanton Bern
Gurmels,Kanton Freiburg
Gurtnellen,Kanton Uri
Gurzelen,Kanton Bern
Gutenburg,Kanton Bern
Guttannen,Kanton Bern
Guttet-Feschel,Kanton Tessin
GÃ¼ttingen,Kanton Thurgau
Gy,Kanton Genf
Habkern,Kanton Bern
Habsburg,Kanton Aargau
HÃ¤felfingen,Kanton Basel
Hagenbuch,Kanton ZÃ¼rich
HÃ¤gendorf,Kanton Solothurn
HÃ¤ggenschwil,Kanton St. Gallen. Gallen
HÃ¤gglingen,Kanton Aargau
Hagneck,Kanton Bern
Haldenstein,Kanton GraubÃ¼nden
Hallau,Kanton Schaffhausen
Hallwil,Kanton Aargau
Halten,Kanton Solothurn
HÃ¤mikon,Kanton Luzern
HÃ¤rkingen,Kanton SolothurnÃ¤u
Hasle (LU),Kanton Luzern
Hasle bei Burgdorf,Kanton Bern
Haslen,Kanton Glarus
Hasliberg,Kanton Bern
Hauenstein-Ifenthal,Kanton SolothurnÃ¶sgen
Hauptwil-Gottshaus,Kanton Thurgau
Hausen,Kanton Aargau
Hausen am Albis,Kanton ZÃ¼rich
Hauterive (FR),Kanton Freiburg
Hauterive (NE),Kanton NeuenburgÃ¢tel
Hauteville,Kanton FreiburgÃ¨re
Haut-Intyamon,Kanton FreiburgÃ¨re
HÃ¤utligen,Kanton Bern
Haut-Vully,Kanton Freiburg
Hedingen,Kanton ZÃ¼rich
Hefenhofen,Kanton Thurgau
Heiden,Kanton Appenzell
Heiligenschwendi,Kanton Bern
Heimberg,Kanton Bern
Heimenhausen,Kanton Bern
Heimiswil,Kanton Bern
Heinrichswil-Winistorf,Kanton Solothurn
Heitenried,Kanton Freiburg
Hellikon,Kanton Aargau
Hellsau,Kanton Bern
Hemberg,Kanton St. Gallen
Hemishofen,Kanton Schaffhausen
Hemmental,Kanton Schaffhausen
Hemmiken,Kanton Basel
Hendschiken,Kanton Aargau
Henggart,Kanton ZÃ¼rich
Henniez,Kanton Waadt
Herbetswil,Kanton Solothurn
Herbligen,Kanton Bern
Herdern,Kanton Thurgau
HÃ©rÃ©mence,Kanton TessinÃ©rens
Hergiswil (NW),Kanton Nidwalden
Hergiswil bei Willisau,Kanton Luzern
Herisau,Kanton Appenzell
Hermance,Kanton Genf
Hermenches,Kanton Waadt
Hermetschwil-Staffeln,Kanton Aargau
Hermiswil,Kanton Bern
Hermrigen,Kanton Bern
Herrliberg,Kanton ZÃ¼rich
Hersberg,Kanton Basel
Hersiwil,Kanton Solothurn
Herznach,Kanton Aargau
Herzogenbuchsee,Kanton Bern
Hessigkofen,Kanton Solothurn
Hettlingen,Kanton ZÃ¼rich
Hildisrieden,Kanton Luzern
Hilfikon,Kanton Aargau
Hilterfingen,Kanton Bern
Himmelried,Kanton Solothurn
Hindelbank,Kanton Bern
Hinterrhein,Kanton GraubÃ¼nden
Hinwil,Kanton ZÃ¼rich
Hirschthal,Kanton Aargau
Hirzel,Kanton ZÃ¼rich
Hittnau,Kanton ZÃ¼richÃ¤ffikon
Hitzkirch,Kanton Luzern
Hochdorf,Kanton Luzern
Hochfelden,Kanton ZÃ¼richÃ¼lach
HÃ¶chstetten,Kanton Bern
Hochwald,Kanton Solothurn
Hofen,Kanton Schaffhausen
HÃ¶fen bei Thun,Kanton Bern
Hofstetten bei Brienz,Kanton Bern
Hofstetten ZH,Kanton ZÃ¼rich
Hofstetten-FlÃ¼h,Kanton Solothurn
Hohenrain,Kanton Luzern
Hohentannen,Kanton Thurgau
Hohtenn,Kanton Tessin
Holderbank,Kanton Aargau
Holderbank,Kanton Solothurn
HÃ¶lstein,Kanton Basel
Holziken,Kanton Aargau
Homberg,Kanton Bern
Hombrechtikon,Kanton ZÃ¼rich
Homburg,Kanton Thurgau
Honau,Kanton Luzern
Horgen,Kanton ZÃ¼rich
HÃ¶ri,Kanton ZÃ¼richÃ¼lach
Horn,Kanton Thurgau
Hornussen,Kanton Aargau
Horrenbach-Buchen,Kanton Bern
Horriwil,Kanton Solothurn
Horw,Kanton Luzern

Hospental,Kanton Uri
Hottwil,Kanton Aargau
Hubersdorf,Kanton Solothurn
Humlikon,Kanton ZÃ¼rich
Hundwil,Kanton Appenzell
HÃ¼nenberg,Kanton Zug
HÃ¼niken,Kanton Solothurn
HÃ¼ntwangen,Kanton ZÃ¼richÃ¼lach
Hunzenschwil,Kanton Aargau
HÃ¼tten,Kanton ZÃ¼rich
HÃ¼ttikon,Kanton ZÃ¼rich
HÃ¼ttlingen,Kanton Thurgau
Huttwil,Kanton Bern
HÃ¼ttwilen,Kanton Thurgau
Icogne,Kanton Tessin
Iffwil,Kanton Bern
Igis,Kanton GraubÃ¼nden
Ilanz,Kanton GraubÃ¼nden
Illgau,Kanton Schwyz
Illnau-Effretikon,Kanton ZÃ¼richÃ¤ffikon
Indemini,Kanton Tessin
Inden,Kanton Tessin
Ingenbohl,Kanton Schwyz
Inkwil,Kanton Bern
Innerferrera,Kanton GraubÃ¼nden
Innerthal,Kanton Schwyz
Innertkirchen,Kanton Bern
Ins,Kanton Bern
Interlaken,Kanton Bern
Intragna,Kanton Tessin
Inwil,Kanton Luzern
Ipsach,Kanton Bern
Iragna,Kanton Tessin
Iseltwald,Kanton Bern

Isenthal,Kanton Uri
Iseo,Kanton Tessin
IsÃ©rables,Kanton Tessin
Islisberg,Kanton Aargau
Isone,Kanton Tessin
Isorno,Kanton Tessin
Itingen,Kanton Basel
Ittenthal,Kanton Aargau
Ittigen,Kanton Bern
Jaberg,Kanton Bern

Jaun,Kanton FreiburgÃ¨re
Jegenstorf,Kanton Bern
Jenaz,Kanton GraubÃ¼ndenÃ¤ttigau / Davos
Jenins,Kanton GraubÃ¼nden
Jens,Kanton Bern
Jeuss,Kanton Freiburg
Jona,Kanton St. Gallen-Gaster
Jonen,Kanton Aargau
Jongny,Kanton Waadt
Jonschwil,Kanton St. Gallen
Jouxtens-MÃ©zery,Kanton Waadt
Juriens,Kanton Waadt
Jussy,Kanton Genf
Kaiseraugst,Kanton Aargau
Kaiserstuhl,Kanton Aargau
Kaisten,Kanton Aargau
Kallern,Kanton Aargau
Kallnach,Kanton Bern
Kaltbrunn SG,Kanton St. Gallen-Gaster
Kammersrohr,Kanton Solothurn
Kandergrund,Kanton Bern
Kandersteg,Kanton Bern
KÃ¤nerkinden,Kanton Basel
Kappel,Kanton Solothurn
Kappel am Albis,Kanton ZÃ¼rich
Kappelen,Kanton Bern
Kaufdorf,Kanton Bern
Kehrsatz,Kanton Bern
Kemmental,Kanton Thurgau
Kernenried,Kanton Bern

Kerns,Kanton Obwalden
Kerzers,Kanton Freiburg
Kesswil,Kanton Thurgau
Kestenholz,Kanton SolothurnÃ¤u
Kienberg,Kanton SolothurnÃ¶sgen
KienersrÃ¼ti,Kanton Bern
Kiesen,Kanton Bern
Kilchberg (BL),Kanton Basel
Kilchberg ZH,Kanton ZÃ¼rich
Killwangen,Kanton Aargau
Kippel,Kanton Tessin
Kirchberg,Kanton St. Gallen
Kirchberg (BE),Kanton Bern
Kirchdorf (BE),Kanton Bern
Kirchenthurnen,Kanton Bern
Kirchleerau,Kanton Aargau
Kirchlindach,Kanton Bern
Kleinandelfingen,Kanton ZÃ¼rich
KleinbÃ¶singen,Kanton Freiburg
Kleindietwil,Kanton Bern
KleinlÃ¼tzel,Kanton Solothurn
Klingnau,Kanton Aargau
Klosters-Serneus,Kanton GraubÃ¼ndenÃ¤ttigau / Davos
Kloten,Kanton ZÃ¼richÃ¼lach
Knonau,Kanton ZÃ¼rich
Knutwil,Kanton Luzern
Koblenz,Kanton Aargau
KÃ¶lliken,Kanton Aargau
KÃ¶niz,Kanton Bern
Konolfingen,Kanton Bern
Koppigen,Kanton Bern
Kradolf-SchÃ¶nenberg,Kanton Thurgau
Krattigen,Kanton Bern
Krauchthal,Kanton Bern
Kreuzlingen,Kanton Thurgau
Kriechenwil,Kanton Bern
Kriegstetten,Kanton Solothurn
Kriens,Kanton Luzern
Krinau,Kanton St. Gallen
KÃ¼blis,Kanton GraubÃ¼ndenÃ¤ttigau / Davos
KÃ¼nten,Kanton Aargau
KÃ¼snacht ZH,Kanton ZÃ¼rich
KÃ¼ssnacht SZ,Kanton Schwyz
KÃ¼ttigen,Kanton Aargau
KÃ¼ttigkofen,Kanton Solothurn
Kyburg,Kanton ZÃ¼richÃ¤ffikon
Kyburg-Buchegg,Kanton Solothurn
La BrÃ©vine,Kanton Neuenburg
La Brillaz,Kanton Freiburg
La Chaux (Cossonay),Kanton Waadt
La Chaux-de-Fonds,Kanton NeuenburgFonds
La Chaux-des-Breuleux,Kanton Jura-Montagnes
La Chaux-du-Milieu,Kanton Neuenburg
La CÃ´te-aux-FÃ©es,Kanton Neuenburg Travers
La FerriÃ¨re,Kanton Bern
La Folliaz,Kanton FreiburgÃ¢ne
La Heutte,Kanton Bern
La Neuveville,Kanton Bern
La Praz,Kanton Waadt
La Punt-Chamues-ch,Kanton GraubÃ¼nden
La Rippe,Kanton Waadt
La Roche,Kanton FreiburgÃ¨re
La Sagne,Kanton NeuenburgFonds
La Sarraz,Kanton Waadt
La Sonnaz,Kanton Freiburg
La Tour-de-Peilz,Kanton Waadt
La Verrerie,Kanton Freiburg
Laax,Kanton GraubÃ¼nden
L'Abbaye,Kanton WaadtÃ©e
L'Abergement,Kanton Waadt
Lachen,Kanton Schwyz
Laconnex,Kanton Genf
Ladir,Kanton GraubÃ¼nden
Lajoux (JU),Kanton Jura-Montagnes
Lalden,Kanton Tessin
Lamboing,Kanton Bern
Lamone,Kanton Tessin
Lampenberg,Kanton Basel
Lancy,Kanton Genf
Landiswil,Kanton Bern
Langenbruck,Kanton Basel
LÃ¤ngenbÃ¼hl,Kanton Bern
Langendorf,Kanton Solothurn
Langenthal,Kanton Bern
Langnau am Albis,Kanton ZÃ¼rich
Langnau im Emmental,Kanton Bern
Langrickenbach,Kanton Thurgau
Langwies,Kanton GraubÃ¼nden
Lantsch/Lenz,Kanton GraubÃ¼nden
Lauenen,Kanton Bern
Lauerz,Kanton Schwyz
LÃ¤ufelfingen,Kanton Basel
Laufen,Kanton Basel
Laufenburg,Kanton Aargau
Laufen-Uhwiesen,Kanton ZÃ¼rich
Laupen,Kanton Bern
Laupersdorf,Kanton Solothurn
Lauperswil,Kanton Bern
Lausanne,Kanton Waadt
Lausen,Kanton Basel
Lauterbrunnen,Kanton Bern
Lauwil,Kanton Basel
Lavertezzo,Kanton Tessin
Lavey-Morcles,Kanton Waadt
Lavigny,Kanton Waadt
Lavin,Kanton GraubÃ¼nden
Lax,Kanton Tessin
Le BÃ©mont (JU),Kanton Jura-Montagnes
Le Cerneux-PÃ©quignot,Kanton Neuenburg
Le ChÃ¢telard,Kanton FreiburgÃ¢ne
Le Chenit,Kanton WaadtÃ©e
Le Flon,Kanton Freiburg
Le GlÃ¨be,Kanton Freiburg
Le Grand-Saconnex,Kanton Genf
Le Landeron,Kanton NeuenburgÃ¢tel
Le Lieu,Kanton WaadtÃ©e
Le Locle,Kanton Neuenburg
Le Mont-sur-Lausanne,Kanton Waadt
Le Mouret,Kanton Freiburg
Le Noirmont,Kanton Jura-Montagnes
Le PÃ¢quier (FR),Kanton FreiburgÃ¨re
Le PÃ¢quier (NE),Kanton Neuenburg Ruz
Le Peuchapatte,Kanton Jura-Montagnes
Le Vaud,Kanton Waadt
LÃ©chelles,Kanton Freiburg
Leggia,Kanton GraubÃ¼ndenÃ«sa
Leibstadt,Kanton Aargau
Leimbach,Kanton Aargau
Leimiswil,Kanton Bern
Leissigen,Kanton Bern
Lengnau,Kanton Aargau
Lengnau (BE),Kanton BernÃ¼ren
Lengwil,Kanton Thurgau
Lenk,Kanton Bern
Lens,Kanton Tessin
Lenzburg,Kanton Aargau
Les Agettes,Kanton TessinÃ©rens
Les Bayards,Kanton Neuenburg Travers
Les Bois,Kanton Jura-Montagnes
Les Brenets,Kanton Neuenburg
Les Breuleux,Kanton Jura-Montagnes
Les ClÃ©es,Kanton Waadt
Les Cullayes,Kanton Waadt
Les Enfers,Kanton Jura-Montagnes
Les Geneveys-sur-Coffrane,Kanton Neuenburg Ruz
Les Genevez (JU),Kanton Jura-Montagnes
Les Hauts-Geneveys,Kanton Neuenburg Ruz
Les Montets,Kanton Freiburg
Les Planchettes,Kanton NeuenburgFonds
Les Pommerats,Kanton Jura-Montagnes
Les Ponts-de-Martel,Kanton Neuenburg
Les Tavernes,Kanton Waadt
Les Thioleyres,Kanton Waadt
Les VerriÃ¨res,Kanton Neuenburg Travers

Leuggelbach,Kanton Glarus
Leuggern,Kanton Aargau
Leuk,Kanton Tessin
Leukerbad,Kanton Tessin
Leutwil,Kanton Aargau
Leuzigen,Kanton BernÃ¼ren
Leysin,Kanton Waadt
Leytron,Kanton Tessin
Lichtensteig,Kanton St. Gallen
Liddes,Kanton Tessin
Liedertswil,Kanton Basel
Lieli,Kanton Luzern
Liesberg,Kanton Basel
Liestal,Kanton Basel
Ligerz,Kanton Bern
Lignerolle,Kanton Waadt
LigniÃ¨res,Kanton NeuenburgÃ¢tel
Ligornetto,Kanton Tessin
Limpach,Kanton Bern
Lindau,Kanton ZÃ¼richÃ¤ffikon
Linden,Kanton Bern
Linescio,Kanton Tessin
Linn,Kanton Aargau
Linthal,Kanton Glarus
L'Isle,Kanton Waadt
Littau,Kanton Luzern
Locarno,Kanton Tessin
Lodrino,Kanton Tessin
Lohn,Kanton GraubÃ¼nden
Lohn (SH),Kanton Schaffhausen
Lohn-Ammannsegg,Kanton Solothurn
LÃ¶hningen,Kanton Schaffhausen
Lohnstorf,Kanton Bern
Lommis,Kanton ThurgauÃ¼nchwilen
Lommiswil,Kanton Solothurn
Lonay,Kanton Waadt
Longirod,Kanton Waadt
Losone,Kanton Tessin
Lostallo,Kanton GraubÃ¼ndenÃ«sa
Lostorf,Kanton SolothurnÃ¶sgen
Lotzwil,Kanton Bern
Lovatens,Kanton Waadt
Loveresse,Kanton Bern
LÃ¼,Kanton GraubÃ¼nden
Lucens,Kanton Waadt
Luchsingen,Kanton Glarus
Ludiano,Kanton Tessin
LÃ¼en,Kanton GraubÃ¼nden
Lufingen,Kanton ZÃ¼richÃ¼lach
Lugaggia,Kanton Tessin
Lugano,Kanton Tessin
Lugnez,Kanton Jura
Luins,Kanton Waadt
Lully,Kanton Waadt
Lully (FR),Kanton Freiburg
Lumbrein,Kanton GraubÃ¼nden
Lumino,Kanton Tessin
Lungern,Kanton Obwalden
Lupfig,Kanton Aargau
Lupsingen,Kanton Basel
Lurtigen,Kanton Freiburg
LÃ¼scherz,Kanton Bern
Lussery-Villars,Kanton Waadt
LÃ¼sslingen,Kanton Solothurn
Lussy-sur-Morges,Kanton Waadt
Luterbach,Kanton Solothurn
LÃ¼terkofen-Ichertswil,Kanton Solothurn
LÃ¼terswil-GÃ¤chliwil,Kanton Solothurn
Luthern,Kanton Luzern
LÃ¼tisburg,Kanton St. Gallen
Lutry,Kanton Waadt
LÃ¼tschental,Kanton Bern
LÃ¼tzelflÃ¼h,Kanton Bern
Lutzenberg,Kanton Appenzell
Luven,Kanton GraubÃ¼nden
Luzein,Kanton GraubÃ¼ndenÃ¤ttigau / Davos
Luzern,Kanton Luzern
Lyss,Kanton Bern
Lyssach,Kanton Bern
Madiswil,Kanton Bern
Madulain,Kanton GraubÃ¼nden
Magadino,Kanton Tessin
Magden,Kanton Aargau
MÃ¤genwil,Kanton Aargau
Maggia,Kanton Tessin
Magliaso,Kanton Tessin
Maienfeld,Kanton GraubÃ¼nden
Mairengo,Kanton Tessin
Maisprach,Kanton Basel
Maladers,Kanton GraubÃ¼nden
Malans,Kanton GraubÃ¼nden
Malapalud,Kanton Waadt
Malix,Kanton GraubÃ¼nden
Malleray,Kanton Bern
Malters,Kanton Luzern
Malvaglia,Kanton Tessin
Mammern,Kanton Thurgau
Mandach,Kanton Aargau
MÃ¤nnedorf,Kanton ZÃ¼rich
Manno,Kanton Tessin
Maracon,Kanton Waadt
Marbach,Kanton St. Gallen
Marbach (LU),Kanton Luzern
Marchissy,Kanton Waadt
Marin-Epagnier,Kanton NeuenburgÃ¢tel
Marly,Kanton Freiburg
Marmorera,Kanton GraubÃ¼nden
Marnand,Kanton Waadt
Maroggia,Kanton Tessin
Marsens,Kanton FreiburgÃ¨re
MÃ¤rstetten,Kanton Thurgau
Marthalen,Kanton ZÃ¼rich
Martherenges,Kanton Waadt
Martigny,Kanton Tessin
Martigny-Combe,Kanton Tessin
Martisberg,Kanton TessinÃ–stlich Raron
Maschwanden,Kanton ZÃ¼rich
Mase,Kanton TessinÃ©rens
Massagno,Kanton Tessin
Massongex,Kanton Tessin. Moritz
Massonnens,Kanton FreiburgÃ¢ne
Mastrils,Kanton GraubÃ¼nden
Mathod,Kanton Waadt
Mathon,Kanton GraubÃ¼nden
Matran,Kanton Freiburg

Matt,Kanton Glarus
Matten bei Interlaken,Kanton Bern
Mattstetten,Kanton Bern
Matzendorf,Kanton Solothurn
Matzingen,Kanton Thurgau
Mauborget,Kanton Waadt
Mauensee,Kanton Luzern
Maur,Kanton ZÃ¼rich
Mauraz,Kanton Waadt
Medeglia,Kanton Tessin
Medel (Lucmagn),Kanton GraubÃ¼nden
Meggen,Kanton Luzern
Meienried,Kanton BernÃ¼ren
Meierskappel,Kanton Luzern
Meikirch,Kanton Bern
Meilen,Kanton ZÃ¼rich
Meinier,Kanton Genf
Meinisberg,Kanton BernÃ¼ren
Meiringen,Kanton Bern
Meisterschwanden,Kanton Aargau
Melano,Kanton Tessin
Melchnau,Kanton Bern
Melide,Kanton Tessin
Mellikon,Kanton Aargau
Mellingen,Kanton Aargau
Mels,Kanton St. Gallen
Meltingen,Kanton Solothurn
Mendrisio,Kanton Tessin
MÃ©niÃ¨res,Kanton Freiburg
Menziken,Kanton Aargau
Menzingen,Kanton Zug
Menznau,Kanton Luzern
Merenschwand,Kanton Aargau
Mergoscia,Kanton Tessin
Meride,Kanton Tessin
Merishausen,Kanton Schaffhausen
Mervelier,Kanton JuraÃ©lÃ©mont
Merzligen,Kanton Bern
Mesocco,Kanton GraubÃ¼ndenÃ«sa
Messen,Kanton Solothurn
Mettau,Kanton Aargau
Mettembert,Kanton JuraÃ©lÃ©mont
Mettmenstetten,Kanton ZÃ¼rich
Metzerlen-Mariastein,Kanton Solothurn
Mex,Kanton Tessin. Moritz
Mex,Kanton Waadt
Meyriez,Kanton Freiburg
Meyrin,Kanton Genf
MÃ©zery-prÃ¨s-Donneloye,Kanton Waadt
MÃ©ziÃ¨res,Kanton Waadt
MÃ©ziÃ¨res (FR),Kanton FreiburgÃ¢ne
Mezzovico-Vira,Kanton Tessin
MiÃ©court,Kanton Jura
MiÃ¨ge,Kanton Tessin
Mies,Kanton Waadt
Miglieglia,Kanton Tessin
Minusio,Kanton Tessin
Mirchel,Kanton Bern
Misery-Courtion,Kanton Freiburg
Missy,Kanton Waadt
MitlÃ¶di,Kanton Glarus
Mogelsberg,Kanton St. Gallen
MÃ¶hlin,Kanton Aargau
Moiry,Kanton Waadt
Moleno,Kanton Tessin
Molinis,Kanton GraubÃ¼nden
Mollens,Kanton Tessin
Mollens,Kanton Waadt
Mollis,Kanton Glarus
Molondin,Kanton Waadt
Mon,Kanton GraubÃ¼nden
MÃ¶nchaltorf,Kanton ZÃ¼rich
Monible,Kanton Bern
Monnaz,Kanton Waadt
Montagny (FR),Kanton Freiburg
Montagny-prÃ¨s-Yverdon,Kanton Waadt
Montalchez,Kanton Neuenburg
Montana,Kanton Tessin
Montaubion-Chardonney,Kanton Waadt
Montcherand,Kanton Waadt
Monte Carasso,Kanton Tessin
Monteggio,Kanton Tessin
Montenol,Kanton Jura
Montet (GlÃ¢ne),Kanton FreiburgÃ¢ne
Montfaucon,Kanton Jura-Montagnes
Montfavergier,Kanton Jura-Montagnes
MÃ¶nthal,Kanton Aargau
Montherod,Kanton Waadt
Monthey,Kanton Tessin
Montignez,Kanton Jura
Mont-la-Ville,Kanton Waadt
Montmagny,Kanton Waadt
Montmelon,Kanton Jura
Montmollin,Kanton Neuenburg Ruz
Montpreveyres,Kanton Waadt
Montreux,Kanton Waadt
Montricher,Kanton Waadt
Montsevelier,Kanton JuraÃ©lÃ©mont
Mont-sur-Rolle,Kanton Waadt
Mont-Tramelan,Kanton Bern
Moosleerau,Kanton Aargau
Moosseedorf,Kanton Bern
Morbio Inferiore,Kanton Tessin
Morbio Superiore,Kanton Tessin
Morcote,Kanton Tessin
MÃ¶rel,Kanton TessinÃ–stlich Raron
Morens (FR),Kanton Freiburg
Morges,Kanton Waadt
MÃ¶rigen,Kanton Bern
MÃ¶riken-Wildegg,Kanton Aargau
Morissen,Kanton GraubÃ¼nden
Morlon,Kanton FreiburgÃ¨re
Morrens,Kanton Waadt
Morschach,Kanton Schwyz
MÃ¶rschwil,Kanton St. Gallen
Mosen,Kanton Luzern
Mosnang,Kanton St. Gallen
Mosogno,Kanton Tessin
MÃ´tiers,Kanton Neuenburg Travers
MÃ¶tschwil,Kanton Bern
Moudon,Kanton Waadt
Moutier,Kanton Bern
Movelier,Kanton JuraÃ©lÃ©mont
Muggio,Kanton Tessin
Muhen,Kanton Aargau
MÃ¼hlau,Kanton Aargau
MÃ¼hleberg,Kanton Bern
MÃ¼hledorf (BE),Kanton Bern
MÃ¼hledorf (SO),Kanton Solothurn
MÃ¼hlehorn,Kanton Glarus
MÃ¼hlethurnen,Kanton Bern
MÃ¼lchi,Kanton Bern
Mulegns,Kanton GraubÃ¼nden
MÃ¼llheim,Kanton Thurgau
MÃ¼lligen,Kanton Aargau
MÃ¼mliswil-Ramiswil,Kanton Solothurn
Mumpf,Kanton Aargau
MÃ¼nchenbuchsee,Kanton Bern
MÃ¼nchenstein,Kanton Basel
MÃ¼nchenwiler,Kanton Bern
MÃ¼nchringen,Kanton Bern
MÃ¼nchwilen,Kanton Aargau
MÃ¼nchwilen (TG),Kanton ThurgauÃ¼nchwilen
Mund,Kanton Wallis
MÃ¼nsingen,Kanton Bern
MÃ¼nster-Geschinen,Kanton Tessin
MÃ¼nsterlingen,Kanton Thurgau
Muntelier,Kanton Freiburg
MÃ¼ntschemier,Kanton Bern
Muolen,Kanton St. Gallen. Gallen
Muotathal,Kanton Schwyz
Mur,Kanton Waadt
Muralto,Kanton Tessin
Murgenthal,Kanton Aargau
Muri,Kanton Aargau
Muri bei Bern,Kanton Bern
Muriaux,Kanton Jura-Montagnes
Murist,Kanton Freiburg
Murten,Kanton Freiburg
MÃ¼stair,Kanton GraubÃ¼nden
MÃ¼swangen,Kanton Luzern
Mutrux,Kanton Waadt
Mutten,Kanton GraubÃ¼nden
Muttenz,Kanton Basel
Muzzano,Kanton Tessin
NÃ¤fels,Kanton Glarus
Naters,Kanton Wallis
Nax,Kanton TessinÃ©rens
Naz,Kanton Waadt
Nebikon,Kanton Luzern
Neerach,Kanton ZÃ¼rich
Neftenbach,Kanton ZÃ¼rich
Neggio,Kanton Tessin
Nendaz,Kanton Tessin
Nennigkofen,Kanton Solothurn
Nenzlingen,Kanton Basel
Nesslau-Krummenau,Kanton St. Gallen
Netstal,Kanton Glarus
NeuchÃ¢tel,Kanton NeuenburgÃ¢tel
Neudorf,Kanton Luzern
Neuendorf,Kanton SolothurnÃ¤u
Neuenegg,Kanton Bern
Neuenhof,Kanton Aargau
Neuenkirch,Kanton Luzern
Neuhausen am Rheinfall,Kanton Schaffhausen

Neuheim,Kanton Zug
Neunforn,Kanton Thurgau
Neunkirch,Kanton Schaffhausen
Neyruz (FR),Kanton Freiburg
Neyruz-sur-Moudon,Kanton Waadt
Nidau,Kanton Bern
Nidfurn,Kanton Glarus
Niederbipp,Kanton Bern
Niederbuchsiten,Kanton SolothurnÃ¤u
NiederbÃ¼ren,Kanton St. Gallen
Niederdorf,Kanton Basel
Niedergesteln,Kanton Tessin
Niederglatt,Kanton ZÃ¼rich
NiedergÃ¶sgen,Kanton SolothurnÃ¶sgen
Niederhasli,Kanton ZÃ¼rich
Niederhelfenschwil,Kanton St. Gallen
NiederhÃ¼nigen,Kanton Bern
Niederlenz,Kanton Aargau
Niedermuhlern,Kanton Bern
NiederÃ¶nz,Kanton Bern
NiederÃ¶sch,Kanton Bern
Niederried bei Interlaken,Kanton Bern
Niederried bei Kallnach,Kanton Bern
Niederrohrdorf,Kanton Aargau
Niederstocken,Kanton Bern
Niederurnen,Kanton Glarus
Niederwald,Kanton Tessin
Niederweningen,Kanton ZÃ¼rich
Niederwil,Kanton Aargau
Niederwil,Kanton Solothurn
Nods,Kanton Bern
Noflen,Kanton Bern
Noiraigue,Kanton Neuenburg Travers
NorÃ©az,Kanton Freiburg
Nottwil,Kanton Luzern
Novaggio,Kanton Tessin
Novalles,Kanton Waadt
Novazzano,Kanton Tessin
Noville,Kanton Waadt
Nufenen,Kanton GraubÃ¼nden
Nuglar-St. Pantaleon,Kanton Solothurn
Nunningen,Kanton Solothurn
NÃ¼rensdorf,Kanton ZÃ¼richÃ¼lach
Nusshof,Kanton Basel
Nuvilly,Kanton Freiburg
Nyon,Kanton Waadt

OberÃ¤geri,Kanton Zug
Oberbalm,Kanton Bern
Oberbipp,Kanton Bern
OberbÃ¶zberg,Kanton Aargau
Oberbuchsiten,Kanton SolothurnÃ¤u
OberbÃ¼ren,Kanton St. Gallen
Oberburg,Kanton Bern
Oberdiessbach,Kanton Bern
Oberdorf,Kanton Solothurn
Oberdorf (BL),Kanton Basel
Oberdorf (NW),Kanton Nidwalden
Oberegg,Kanton Appenzell
Oberembrach,Kanton ZÃ¼richÃ¼lach
Oberems,Kanton Tessin
Oberengstringen- Kanton ZÃ¼rich
Oberentfelden,Kanton Aargau
Oberflachs,Kanton Aargau
Obergerlafingen,Kanton Solothurn
Obergesteln,Kanton Tessin
Oberglatt,Kanton ZÃ¼rich
ObergÃ¶sgen,Kanton SolothurnÃ¶sgen
Oberhallau,Kanton Schaffhausen
Oberhelfenschwil,Kanton St. Gallen
Oberhof,Kanton Aargau
Oberhofen,Kanton Aargau
Oberhofen am Thunersee,Kanton Bern
OberhÃ¼nigen,Kanton Bern
Oberiberg,Kanton Schwyz
Oberkirch,Kanton Luzern
Oberkulm,Kanton Aargau
Oberlangenegg,Kanton Bern
Oberlunkhofen,Kanton Aargau
Obermumpf,Kanton Aargau
OberÃ¶nz,Kanton Bern
OberÃ¶sch,Kanton Bern
Oberramsern,Kanton Solothurn
Oberried am Brienzersee,Kanton Bern
Oberrieden,Kanton ZÃ¼rich
Oberriet,Kanton St. Gallen
Oberrohrdorf,Kanton Aargau
OberrÃ¼ti,Kanton Aargau
Obersaxen,Kanton GraubÃ¼nden
Oberschrot,Kanton Freiburg
Obersiggenthal,Kanton Aargau
Oberstammheim,Kanton ZÃ¼rich
Obersteckholz,Kanton Bern
Oberstocken,Kanton Bern
Oberthal,Kanton Bern
Oberurnen,Kanton Glarus
Oberuzwil,Kanton St. Gallen
Oberwald,Kanton Tessin
Oberweningen,Kanton ZÃ¼rich
Oberwil (BL),Kanton Basel
Oberwil bei BÃ¼ren,Kanton BernÃ¼ren
Oberwil im Simmental,Kanton Bern
Oberwil-Lieli,Kanton Aargau
Obfelden,Kanton ZÃ¼rich
Obstalden,Kanton Glarus
Ochlenberg,Kanton Bern
Ocourt,Kanton Jura
Oekingen,Kanton Solothurn
Oensingen,Kanton SolothurnÃ¤u
Oeschenbach,Kanton Bern
Oeschgen,Kanton Aargau
Oetwil am See,Kanton ZÃ¼rich
Oetwil an der Limmat- Kanton ZÃ¼rich
Oftringen,Kanton Aargau
Ogens,Kanton Waadt
Ohmstal,Kanton Luzern
Oleyres,Kanton Waadt
Olivone,Kanton Tessin
Ollon,Kanton Waadt
Olsberg,Kanton Aargau
Olten,Kanton Solothurn
Oltingen,Kanton Basel
Onex,Kanton Genf
Onnens,Kanton Waadt
Onsernone,Kanton Tessin
Opfertshofen (SH),Kanton Schaffhausen
Opfikon,Kanton ZÃ¼richÃ¼lach
Oppens,Kanton Waadt
Oppligen,Kanton Bern
Orbe,Kanton Waadt
Orges,Kanton Waadt
Origlio,Kanton Tessin
Ormalingen,Kanton Basel
Ormont-Dessous,Kanton Waadt
Ormont-Dessus,Kanton Waadt
Orny,Kanton Waadt
Oron-la-Ville,Kanton Waadt
Oron-le-ChÃ¢tel,Kanton Waadt
Orpund,Kanton Bern
Orselina,Kanton Tessin
OrsiÃ¨res,Kanton Tessin
Orvin,Kanton Bern
Orzens,Kanton Waadt
Osco,Kanton Tessin
Osogna,Kanton Tessin
Ossingen,Kanton ZÃ¼rich
Ostermundigen,Kanton Bern
Otelfingen,Kanton ZÃ¼rich
Othmarsingen,Kanton Aargau
Ottenbach,Kanton ZÃ¼rich
Oulens-sous-Echallens,Kanton Waadt
Oulens-sur-Lucens,Kanton Waadt
Pagig,Kanton GraubÃ¼nden
Pailly,Kanton Waadt
Palagnedra,Kanton Tessin
PalÃ©zieux,Kanton Waadt
Pampigny,Kanton Waadt
Paradiso,Kanton Tessin
Parpan,Kanton GraubÃ¼nden
Paspels,Kanton GraubÃ¼nden
Paudex,Kanton Waadt
Payerne,Kanton Waadt
Peist,Kanton GraubÃ¼nden
Peney-le-Jorat,Kanton Waadt
Penthalaz,Kanton Waadt
Penthaz,Kanton Waadt
PenthÃ©rÃ©az,Kanton Waadt
Perly-Certoux,Kanton Genf
Perrefitte,Kanton Bern
Perroy,Kanton Waadt
Personico,Kanton Tessin
PÃ©ry,Kanton Bern
Peseux,Kanton Neuenburg
Peyres-Possens,Kanton Waadt
PfÃ¤fers,Kanton St. Gallen
PfÃ¤ffikon,Kanton ZÃ¼richÃ¤ffikon
Pfaffnau,Kanton Luzern
Pfeffikon,Kanton Luzern
Pfeffingen,Kanton Basel
Pfungen,Kanton ZÃ¼rich
Pfyn,Kanton Thurgau
Pianezzo,Kanton Tessin
Piazzogna,Kanton Tessin
Pierrafortscha,Kanton Freiburg
Pieterlen,Kanton BernÃ¼ren
Pignia,Kanton GraubÃ¼nden
Pigniu,Kanton GraubÃ¼nden
Pitasch,Kanton GraubÃ¼nden
Pizy,Kanton Waadt
Plaffeien,Kanton Freiburg
Plagne,Kanton Bern
Plan-les-Ouates,Kanton Genf
Plasselb,Kanton Freiburg
Pleigne,Kanton JuraÃ©lÃ©mont
Pleujouse,Kanton Jura
Pohlern,Kanton Bern
Poliez-le-Grand,Kanton Waadt
Poliez-Pittet,Kanton Waadt
Pollegio,Kanton Tessin
Pompaples,Kanton Waadt
Pomy,Kanton Waadt
Ponte Capriasca,Kanton Tessin
Ponte Tresa,Kanton Tessin
Pontenet,Kanton Bern
Pont-en-Ogoz,Kanton FreiburgÃ¨re
Ponthaux,Kanton Freiburg
Pont-la-Ville,Kanton FreiburgÃ¨re
Pontresina,Kanton GraubÃ¼nden
Porrentruy,Kanton Jura
Port,Kanton Bern
Port-Valais,Kanton Tessin
Porza,Kanton Tessin
Poschiavo,Kanton GraubÃ¼nden
Praden,Kanton GraubÃ¼nden
Prahins,Kanton Waadt
Prangins,Kanton Waadt
Prato (Leventina),Kanton Tessin
Pratteln,Kanton Basel
Pratval,Kanton GraubÃ¼nden
Pregny-ChambÃ©sy,Kanton Genf
PrÃªles,Kanton Bern
Premier,Kanton Waadt
Preonzo,Kanton Tessin
Presinge,Kanton Genf
PrÃ©verenges,Kanton Waadt
PrÃ©vondavaux,Kanton Freiburg
PrÃ©vonloup,Kanton Waadt
Prez-vers-NorÃ©az,Kanton Freiburg
Prilly,Kanton Waadt
Provence,Kanton Waadt
Puidoux,Kanton Waadt
Pully,Kanton Waadt
Puplinge,Kanton Genf
Pura,Kanton Tessin
Quarten,Kanton St. Gallen

Quinto,Kanton Tessin
Radelfingen,Kanton Bern
Rafz,Kanton ZÃ¼richÃ¼lach
Rain,Kanton Luzern
Ramlinsburg,Kanton Basel
Ramosch,Kanton GraubÃ¼nden
Ramsen,Kanton Schaffhausen
Rancate,Kanton Tessin
Rances,Kanton Waadt
Randa,Kanton Tessin
Randogne,Kanton Tessin
Raperswilen,Kanton Thurgau
Rapperswil,Kanton St. Gallen-Gaster
Rapperswil (BE),Kanton Bern
Raron,Kanton Tessin
Realp,Kanton Uri
Rebeuvelier,Kanton JuraÃ©lÃ©mont
RebÃ©velier,Kanton Bern
Rebstein,Kanton St. Gallen
Recherswil,Kanton Solothurn
Rechthalten,Kanton Freiburg
Reckingen-Gluringen,Kanton Tessin
RÃ©clÃ¨re,Kanton Jura
Reconvilier,Kanton Bern
Regensberg,Kanton ZÃ¼rich
Regensdorf,Kanton ZÃ¼rich
Rehetobel,Kanton Appenzell
Reichenbach im Kandertal,Kanton Bern
Reichenburg,Kanton Schwyz
Reiden,Kanton Luzern
Reigoldswil,Kanton Basel
Reinach,Kanton Aargau
Reinach (BL),Kanton Basel
Reisiswil,Kanton Bern
Reitnau,Kanton Aargau
Rekingen,Kanton Aargau
Remaufens,Kanton Freiburg
Remetschwil,Kanton Aargau
Remigen,Kanton Aargau
Renan,Kanton Bern
Renens,Kanton Waadt
Rennaz,Kanton Waadt
Retschwil,Kanton Luzern
Reute,Kanton Appenzell
Reutigen,Kanton Bern
Reverolle,Kanton Waadt
RhÃ¤zÃ¼ns,Kanton GraubÃ¼nden
Rheinau,Kanton ZÃ¼rich
Rheineck,Kanton St. Gallen
Rheinfelden,Kanton Aargau
Riaz,Kanton FreiburgÃ¨re
Richterswil,Kanton ZÃ¼rich
Rickenbach,Kanton Solothurn
Rickenbach (BL),Kanton Basel
Rickenbach (LU),Kanton Luzern
Rickenbach (TG),Kanton ThurgauÃ¼nchwilen
Rickenbach ZH,Kanton ZÃ¼rich
Riddes,Kanton Tessin
Ried bei Kerzers,Kanton Freiburg
Ried-Brig,Kanton Wallis
Rieden SG,Kanton St. Gallen-Gaster
Riederalp,Kanton TessinÃ–stlich Raron

Riedern,Kanton Glarus
Riedholz,Kanton Solothurn
Riehen,Kanton Basel / Stadt
Riein,Kanton GraubÃ¼nden
Riemenstalden,Kanton Schwyz
Rietheim,Kanton Aargau
Riex,Kanton Waadt
Rifferswil,Kanton ZÃ¼rich
Riggisberg,Kanton Bern
Ringgenberg (BE),Kanton Bern
Riniken,Kanton Aargau
Riom-Parsonz,Kanton GraubÃ¼nden
Risch,Kanton Zug
Riva San Vitale,Kanton Tessin
Rivaz,Kanton Waadt
Rivera,Kanton Tessin
Roche,Kanton Waadt
Roche-d'Or,Kanton Jura
Rochefort,Kanton Neuenburg
Roches,Kanton Bern
Rocourt,Kanton Jura
Rodels,Kanton GraubÃ¼nden
Rodersdorf,Kanton Solothurn
Roggenburg,Kanton Basel
Roggliswil,Kanton Luzern
Roggwil (BE),Kanton Bern
Roggwil (TG),Kanton Thurgau
Rohr,Kanton Aargau
Rohr,Kanton SolothurnÃ¶sgen
Rohrbach,Kanton Bern
Rohrbachgraben,Kanton Bern
Rolle,Kanton Waadt
RomainmÃ´tier-Envy,Kanton Waadt
Romairon,Kanton Waadt
Romanel-sur-Lausanne,Kanton Waadt
Romanel-sur-Morges,Kanton Waadt
Romanshorn,Kanton Thurgau
RÃ¶merswil,Kanton Luzern
Romont (FR),Kanton FreiburgÃ¢ne
Romont BE,Kanton Bern
Romoos,Kanton Luzern
Ronco sopra Ascona,Kanton Tessin
Rongellen,Kanton GraubÃ¼nden
Root,Kanton Luzern
Ropraz,Kanton Waadt
Rorbas,Kanton ZÃ¼richÃ¼lach
Rorschach,Kanton St. Gallen
Rorschacherberg,Kanton St. Gallen
RÃ¶schenz,Kanton Basel
Rossa,Kanton GraubÃ¼ndenÃ«sa
Rossemaison,Kanton JuraÃ©lÃ©mont
Rossenges,Kanton Waadt
Rossens,Kanton Waadt
Rossens (FR),Kanton Freiburg
RossiniÃ¨re,Kanton Waadt' Enhaut
RÃ¶thenbach bei Herzogenb.,Kanton Bern
RÃ¶thenbach im Emmental,Kanton Bern
Rothenbrunnen,Kanton GraubÃ¼nden
Rothenburg,Kanton Luzern
Rothenfluh,Kanton Basel
Rothenthurm,Kanton Schwyz
Rothrist,Kanton Aargau
Rottenschwil,Kanton Aargau
Rougemont,Kanton Waadt' Enhaut
Roveredo,Kanton GraubÃ¼ndenÃ«sa
Rovio,Kanton Tessin
Rovray,Kanton Waadt
Rubigen,Kanton Bern
RÃ¼derswil,Kanton Bern
RÃ¼dlingen,Kanton Schaffhausen
Rudolfstetten-Friedlisberg,Kanton Aargau
RÃ¼dtligen-AlchenflÃ¼h,Kanton Bern
Rue,Kanton FreiburgÃ¢ne
RÃ¼eggisberg,Kanton Bern
RÃ¼egsau,Kanton Bern
Rueun,Kanton GraubÃ¼nden
Rueyres,Kanton Waadt
Rueyres-les-PrÃ©s,Kanton Freiburg
RÃ¼fenach,Kanton Aargau
Rumendingen,Kanton Bern
RÃ¼mikon,Kanton Aargau
Rumisberg,Kanton Bern
RÃ¼mlang,Kanton ZÃ¼rich
RÃ¼mligen,Kanton Bern
RÃ¼mlingen,Kanton Basel
RÃ¼nenberg,Kanton Basel
Rupperswil,Kanton Aargau
Ruppoldsried,Kanton Bern
RÃ¼schegg,Kanton Bern
Ruschein,Kanton GraubÃ¼nden
RÃ¼schlikon,Kanton ZÃ¼rich
Russikon,Kanton ZÃ¼richÃ¤ffikon
Russin,Kanton Genf
Russy,Kanton Freiburg
Ruswil,Kanton Luzern
RÃ¼te,Kanton Appenzell
RÃ¼thi,Kanton St. Gallen
RÃ¼ti (GL),Kanton Glarus
RÃ¼ti bei BÃ¼ren,Kanton BernÃ¼ren
RÃ¼ti bei Lyssach,Kanton Bern
RÃ¼ti bei Riggisberg,Kanton Bern
RÃ¼ti ZH,Kanton ZÃ¼rich
RÃ¼tschelen,Kanton Bern
RÃ¼ttenen,Kanton Solothurn
Saanen,Kanton Bern
Saas Almagell,Kanton Tessin
Saas Balen,Kanton Tessin
Saas Fee,Kanton Tessin
Saas Grund,Kanton Tessin
Saas im PrÃ¤ttigau,Kanton GraubÃ¼ndenÃ¤ttigau / Davos
Sachseln,Kanton Obwalden
Safenwil,Kanton Aargau
Safien,Kanton GraubÃ¼nden
Safnern,Kanton Bern
Sagno,Kanton Tessin
Sagogn,Kanton GraubÃ¼nden
Saicourt,Kanton Bern
SaignelÃ©gier,Kanton Jura-Montagnes
Saillon,Kanton Tessin
Saint-Aubin (FR),Kanton Freiburg
Saint-Aubin-Sauges,Kanton Neuenburg
Saint-BarthÃ©lemy,Kanton Waadt
Saint-Blaise,Kanton NeuenburgÃ¢tel
Saint-Brais,Kanton Jura-Montagnes
Saint-Cergue,Kanton Waadt
Saint-Cierges,Kanton Waadt
Sainte-Croix,Kanton Waadt
Saint-George,Kanton Waadt
Saint-Gingolph,Kanton Tessin
Saint-Imier,Kanton Bern
Saint-Jean,Kanton Tessin
Saint-LÃ©gier-La ChiÃ©saz,Kanton Waadt
Saint-LÃ©onard,Kanton Tessin
Saint-Livres,Kanton Waadt
Saint-Luc,Kanton Tessin
Saint-Martin,Kanton TessinÃ©rens
Saint-Martin (FR),Kanton Freiburg
Saint-Maurice,Kanton Tessin. Moritz
Saint-Oyens,Kanton Waadt
Saint-Prex,Kanton Waadt
Saint-Saphorin (Lavaux),Kanton Waadt
Saint-Saphorin-sur-Morges,Kanton Waadt
Saint-Sulpice,Kanton Waadt
Saint-Sulpice (NE),Kanton Neuenburg Travers
Saint-Ursanne,Kanton Jura
Salenstein,Kanton Thurgau
SÃ¢les,Kanton FreiburgÃ¨re
Salgesch,Kanton Tessin
Salinsz,Kanton Tessin
Salmsach,Kanton Thurgau
Salouf,Kanton GraubÃ¼nden
Salvan,Kanton Tessin. Moritz
Salvenach,Kanton Freiburg
Samedan,Kanton GraubÃ¼nden
Samnaun,Kanton GraubÃ¼nden
San Nazzaro,Kanton Tessin
San Vittore,Kanton GraubÃ¼ndenÃ«sa
Sant' Abbondio,Kanton Tessin
Santa Maria in Calanca,Kanton GraubÃ¼ndenÃ«sa
Santa Maria Val MÃ¼stair,Kanton GraubÃ¼nden
Sant'Antonino,Kanton Tessin
Sant'Antonio,Kanton Tessin
Sargans,Kanton St. Gallen
Sarmenstorf,Kanton Aargau
Sarnen,Kanton Obwalden
Sarzens,Kanton Waadt
Sassel,Kanton Waadt
Satigny,Kanton Genf
Sattel,Kanton Schwyz
Saubraz,Kanton Waadt
Saulcy,Kanton JuraÃ©lÃ©mont
Saules BE,Kanton Bern
Savagnier,Kanton Neuenburg Ruz
SaviÃ¨sez,Kanton Tessin
Savigny,Kanton Waadt
Savognin,Kanton GraubÃ¼nden
Savosa,Kanton Tessin
Saxeten,Kanton Bern
Saxon,Kanton Tessin
Says,Kanton GraubÃ¼nden
Schaffhausen,Kanton Schaffhausen
Schafisheim,Kanton Aargau
Schalunen,Kanton Bern
S-chanf,Kanton GraubÃ¼nden
Schangnau,Kanton Bern
SchÃ¤nis,Kanton St. Gallen-Gaster
Scharans,Kanton GraubÃ¼nden
Schattdorf,Kanton Uri
Schattenhalb,Kanton Bern
Scheid,Kanton GraubÃ¼nden
Schelten (La Scheulte),Kanton Bern
Schenkon,Kanton Luzern
Scherz,Kanton Aargau
Scheunen,Kanton Bern
Scheuren,Kanton Bern
Schiers,Kanton GraubÃ¼ndenÃ¤ttigau / Davos
Schinznach-Bad,Kanton Aargau
Schinznach-Dorf,Kanton Aargau
Schlans,Kanton GraubÃ¼nden
Schlatt bei Diessenhofen,Kanton Thurgau
Schlatt ZH,Kanton ZÃ¼rich
Schlatt-Haslen,Kanton Appenzell
Schleinikon,Kanton ZÃ¼rich
Schleitheim,Kanton Schaffhausen
Schlierbach,Kanton Luzern
Schlieren- Kanton ZÃ¼rich
Schlossrued,Kanton Aargau
Schlosswil,Kanton Bern
Schluein,Kanton GraubÃ¼nden
Schmerikon,Kanton St. Gallen-Gaster
Schmiedrued,Kanton Aargau
Schmitten,Kanton Freiburg
Schmitten,Kanton GraubÃ¼nden
Schnaus,Kanton GraubÃ¼nden
Schneisingen,Kanton Aargau
Schnottwil,Kanton Solothurn
SchÃ¶fflisdorf,Kanton ZÃ¼rich
SchÃ¶ftland,Kanton Aargau
SchÃ¶nenberg ZH,Kanton ZÃ¼rich
SchÃ¶nenbuch,Kanton Basel
SchÃ¶nengrund,Kanton Appenzell
SchÃ¶nenwerd,Kanton Solothurn
Schongau,Kanton Luzern
SchÃ¶nholzerswilen,Kanton ThurgauÃ¼nchwilen
SchÃ¶tz,Kanton Luzern
SchÃ¼belbach,Kanton Schwyz
Schupfart,Kanton Aargau
SchÃ¼pfen,Kanton Bern
SchÃ¼pfheim,Kanton Luzern
Schwaderloch,Kanton Aargau
Schwadernau,Kanton Bern
Schwanden (GL),Kanton Glarus
Schwanden bei Brienz,Kanton Bern
SchwÃ¤ndi,Kanton Glarus
Schwarzenberg,Kanton Luzern
SchwarzhÃ¤usern,Kanton Bern
Schwellbrunn,Kanton Appenzell
Schwende,Kanton Appenzell
Schwendibach,Kanton Bern
Schwerzenbach,Kanton ZÃ¼rich
Schwyz,Kanton Schwyz
Scuol,Kanton GraubÃ¼nden
SÃ©deilles,Kanton Waadt
Seeberg,Kanton Bern
Seedorf (BE),Kanton Bern
Seedorf (UR),Kanton Uri
SeegrÃ¤ben,Kanton ZÃ¼rich
Seehof (Elay) BE,Kanton Bern
Seelisberg,Kanton Uri
Seengen,Kanton Aargau
Seewen,Kanton Solothurn
Seewis im PrÃ¤ttigau,Kanton GraubÃ¼ndenÃ¤ttigau / Davos
Seftigen,Kanton Bern
Seigneux,Kanton Waadt
Seleute,Kanton Jura
Selma,Kanton GraubÃ¼ndenÃ«sa
Seltisberg,Kanton Basel
Selzach,Kanton Solothurn
Sembrancher,Kanton Tessin
Sementina,Kanton Tessin
Semione,Kanton Tessin
Sempach,Kanton Luzern
Semsales,Kanton Freiburg
Senarclens,Kanton Waadt
SenÃ¨des,Kanton Freiburg
Sennwald,Kanton St. Gallen
Sent,Kanton GraubÃ¼nden
Seon,Kanton Aargau
Sergey,Kanton Waadt
Servion,Kanton Waadt
Sessa,Kanton Tessin
Seuzach,Kanton ZÃ¼rich
SÃ©vaz,Kanton Freiburg
Sevelen,Kanton St. Gallen
SÃ©very,Kanton Waadt
Sevgein,Kanton GraubÃ¼nden
Siat,Kanton GraubÃ¼nden
Siblingen,Kanton Schaffhausen
Sierre,Kanton Tessin
Sigirino,Kanton Tessin
Siglistorf,Kanton Aargau
Signy-Avenex,Kanton Waadt
Sigriswil,Kanton Bern
Silenen,Kanton Uri
Sils im Domleschg,Kanton GraubÃ¼nden
Sils im Engadin/Segl,Kanton GraubÃ¼nden
Silvaplana,Kanton GraubÃ¼nden
Simplon,Kanton Wallis
Sins,Kanton Aargau
Sionz,Kanton Tessin
Sirnach,Kanton ThurgauÃ¼nchwilen
Siselen,Kanton Bern
Sisikon,Kanton Uri
Sissach,Kanton Basel
Sisseln,Kanton Aargau
Siviriez,Kanton FreiburgÃ¢ne
Soazza,Kanton GraubÃ¼ndenÃ«sa
Sobrio,Kanton Tessin
Soglio,Kanton GraubÃ¼nden
Solothurn,Kanton Solothurn
Sommeri,Kanton Thurgau
Sonceboz-Sombeval,Kanton Bern
Sonogno,Kanton Tessin
Sonvico,Kanton Tessin
Sonvilier,Kanton Bern
Sool,Kanton Glarus
Soral,Kanton Genf
Sorengo,Kanton Tessin
Sorens,Kanton FreiburgÃ¨re
Sornetan,Kanton Bern
Sorvilier,Kanton Bern
Sottens,Kanton Waadt
Soubey,Kanton Jura-Montagnes
Souboz,Kanton Bern
Soulce,Kanton JuraÃ©lÃ©mont
SoyhiÃ¨res,Kanton JuraÃ©lÃ©mont
Speicher,Kanton Appenzell
Spiez,Kanton Bern
Spiringen,Kanton Uri
SplÃ¼gen,Kanton GraubÃ¼nden
Spreitenbach,Kanton Aargau
St. Antoni,Kanton Freiburg
St. AntÃ¶nien,Kanton GraubÃ¼ndenÃ¤ttigau / Davos
St. AntÃ¶nien Ascharina,Kanton GraubÃ¼ndenÃ¤ttigau / Davos
St. Gallen,Kanton St. Gallen. Gallen
St. Gallenkappel,Kanton St. Gallen-Gaster
St. Margrethen,Kanton St. Gallen
St. Martin,Kanton GraubÃ¼nden
St. Moritz,Kanton GraubÃ¼nden
St. Niklaus,Kanton Tessin
St. Peter,Kanton GraubÃ¼nden
St. Peterzell,Kanton St. Gallen
St. Silvester,Kanton Freiburg
St. Stephan,Kanton Bern
St. Ursen,Kanton Freiburg
Stabio,Kanton Tessin
Stadel,Kanton ZÃ¼rich
StÃ¤fa,Kanton ZÃ¼rich
Staffelbach,Kanton Aargau
Stalden,Kanton Tessin
Staldenried,Kanton Tessin
Stallikon,Kanton ZÃ¼rich
Stampa,Kanton GraubÃ¼nden
Stans,Kanton Nidwalden
Stansstad,Kanton Nidwalden
Starrkirch-Wil,Kanton Solothurn
Staufen,Kanton Aargau
Steckborn,Kanton Thurgau
Steffisburg,Kanton Bern
Steg,Kanton Tessin
Stein,Kanton Aargau
Stein,Kanton Appenzell
Stein,Kanton St. Gallen
Stein am Rhein,Kanton Schaffhausen
Steinach,Kanton St. Gallen
Steinen,Kanton Schwyz
Steinerberg,Kanton Schwyz

Steinhausen,Kanton Zug
Steinhof,Kanton Solothurn
Steinmaur,Kanton ZÃ¼rich
Sternenberg,Kanton ZÃ¼richÃ¤ffikon
Stetten,Kanton Aargau
Stetten (SH),Kanton Schaffhausen
Stettfurt,Kanton Thurgau
Stettlen,Kanton Bern
Stierva,Kanton GraubÃ¼nden
Strengelbach,Kanton Aargau
Studen,Kanton Bern
StÃ¼sslingen,Kanton SolothurnÃ¶sgen
Subingen,Kanton Solothurn
Suchy,Kanton Waadt
Sufers,Kanton GraubÃ¼nden
Sugnens,Kanton Waadt
Suhr,Kanton Aargau
Sulgen,Kanton Thurgau
Sullens,Kanton Waadt
Sulz,Kanton Aargau
Sulz (LU),Kanton Luzern
Sumiswald,Kanton Bern
Sumvitg,Kanton GraubÃ¼nden
Sur,Kanton GraubÃ¼nden
Suraua,Kanton GraubÃ¼nden
Surava,Kanton GraubÃ¼nden
Surcuolm,Kanton GraubÃ¼nden
Surpierre,Kanton Freiburg
Sursee,Kanton Luzern
SuscÃ©vaz,Kanton Waadt
Susch,Kanton GraubÃ¼nden
Sutz-Lattrigen,Kanton Bern
Syens,Kanton Waadt
Tafers,Kanton Freiburg
TÃ¤gerig,Kanton Aargau
TÃ¤gertschi,Kanton Bern
TÃ¤gerwilen,Kanton Thurgau
Tamins,Kanton GraubÃ¼nden
Tannay,Kanton Waadt
Tarasp,Kanton GraubÃ¼nden
Tartegnin,Kanton Waadt
TÃ¤sch,Kanton Tessin
TÃ¤uffelen,Kanton Bern
Tavannes,Kanton Bern
Tecknau,Kanton Basel
Tegerfelden,Kanton Aargau
Tegna,Kanton Tessin
Tenero-Contra,Kanton Tessin
Tenna,Kanton GraubÃ¼nden
Tenniken,Kanton Basel
Tentlingen,Kanton Freiburg
Termen,Kanton Wallis
Teufen,Kanton Appenzell
Teufenthal,Kanton Aargau
Teuffenthal (BE),Kanton Bern
Thal SG,Kanton St. Gallen
Thalheim,Kanton Aargau
Thalheim an der Thur,Kanton ZÃ¼rich
Thalwil,Kanton ZÃ¼rich
Thayngen,Kanton Schaffhausen
Therwil,Kanton Basel
Thielle-Wavre,Kanton NeuenburgÃ¢tel
Thierachern,Kanton Bern
Thierrens,Kanton Waadt

ThÃ´nex,Kanton Genf
ThÃ¶rigen,Kanton Bern
Thun,Kanton Bern
Thundorf,Kanton Thurgau
Thunstetten,Kanton Bern
ThÃ¼rnen,Kanton Basel
Tiefencastel,Kanton GraubÃ¼nden
Tinizong-Rona,Kanton GraubÃ¼nden
Titterten,Kanton Basel
Tobel-TÃ¤gerschen,Kanton ThurgauÃ¼nchwilen
Toffen,Kanton Bern
Tolochenaz,Kanton Waadt
TÃ¶rbel,Kanton Tessin
Torny,Kanton FreiburgÃ¢ne
Torre,Kanton Tessin
Torricella-Taverne,Kanton Tessin
Trachselwald,Kanton Bern
Tramelan,Kanton Bern
Trans,Kanton GraubÃ¼nden
Trasadingen,Kanton Schaffhausen
Travers,Kanton Neuenburg Travers
Treiten,Kanton Bern
TrÃ©lex,Kanton Waadt
Tremona,Kanton Tessin
Trey,Kanton Waadt
Treycovagnes,Kanton Waadt
Treytorrens (Payerne),Kanton Waadt
Treyvaux,Kanton Freiburg
Triengen,Kanton Luzern
Trient,Kanton Tessin
Trimbach,Kanton SolothurnÃ¶sgen
Trimmis,Kanton GraubÃ¼nden
Trimstein,Kanton Bern
Trin,Kanton GraubÃ¼nden
Trogen,Kanton Appenzell
Troinex,Kanton Genf
Troistorrents,Kanton Tessin
TrÃ¼llikon,Kanton ZÃ¼rich
Trun,Kanton GraubÃ¼nden
Truttikon,Kanton ZÃ¼rich
Tscheppach,Kanton Solothurn
Tschiertschen,Kanton GraubÃ¼nden
Tschierv,Kanton GraubÃ¼nden
Tschlin,Kanton GraubÃ¼nden
Tschugg,Kanton Bern
TÃ¼bach,Kanton St. Gallen
Tuggen,Kanton Schwyz
Tujetsch,Kanton GraubÃ¼nden
Tumegl/Tomils,Kanton GraubÃ¼nden
Turbenthal,Kanton ZÃ¼rich
Turgi,Kanton Aargau
Turtmann,Kanton Tessin
TÃ¼scherz-AlfermÃ©e,Kanton Bern
Twann,Kanton Bern
Udligenswil,Kanton Luzern
Ueberstorf,Kanton Freiburg
Uebeschi,Kanton Bern
Ueken,Kanton Aargau
Uerkheim,Kanton Aargau
Uesslingen-Buch,Kanton Thurgau
Uetendorf,Kanton Bern
Uetikon am See,Kanton ZÃ¼rich
Uezwil,Kanton Aargau
Ufhusen,Kanton Luzern
Uitikon- Kanton ZÃ¼rich
Ulmiz,Kanton Freiburg
Ulrichen,Kanton Tessin
Umiken,Kanton Aargau
Undervelier,Kanton JuraÃ©lÃ©mont
UnterÃ¤geri,Kanton Zug
UnterbÃ¤ch,Kanton Tessin
UnterbÃ¶zberg,Kanton Aargau
Untereggen,Kanton St. Gallen
Unterems,Kanton Tessin
Unterendingen,Kanton Aargau
Unterengstringen- Kanton ZÃ¼rich
Unterentfelden,Kanton Aargau
Unteriberg,Kanton Schwyz
Unterkulm,Kanton Aargau
Unterlangenegg,Kanton Bern
Unterlunkhofen,Kanton Aargau
Unterramsern,Kanton Solothurn

UnterschÃ¤chen,Kanton Uri
Unterseen,Kanton Bern
Untersiggenthal,Kanton Aargau
Unterstammheim,Kanton ZÃ¼rich
Untersteckholz,Kanton Bern
Untervaz,Kanton GraubÃ¼nden
Urdorf- Kanton ZÃ¼rich
UrnÃ¤sch,Kanton Appenzell
Ursenbach,Kanton Bern
Ursins,Kanton Waadt
Ursy,Kanton FreiburgÃ¢ne
Urtenen-SchÃ¶nbÃ¼hl,Kanton Bern
Uster,Kanton ZÃ¼rich
Uttigen,Kanton Bern
Uttwil,Kanton Thurgau
Utzenstorf,Kanton Bern
Uznach,Kanton St. Gallen-Gaster
Uzwil,Kanton St. Gallen
Vacallo,Kanton Tessin
Valangin,Kanton Neuenburg Ruz
Valchava,Kanton GraubÃ¼nden
Valcolla,Kanton Tessin
Val-d'Illiez,Kanton Tessin
Valendas,Kanton GraubÃ¼nden
Valeyres-sous-Montagny,Kanton Waadt
Valeyres-sous-Rances,Kanton Waadt
Valeyres-sous-Ursins,Kanton Waadt
Vallamand,Kanton Waadt

Vallon,Kanton Freiburg
Vallorbe,Kanton Waadt
Vals,Kanton GraubÃ¼nden
Valzeina,Kanton GraubÃ¼ndenÃ¤ttigau / Davos
VandÅ“uvres,Kanton Genf
Varen,Kanton Tessin
Vauffelin,Kanton Bern
Vaugondry,Kanton Waadt
Vaulion,Kanton Waadt
Vaulruz,Kanton FreiburgÃ¨re
Vaumarcus,Kanton Neuenburg
Vaux-sur-Morges,Kanton Waadt
Vaz/Obervaz,Kanton GraubÃ¼nden
Vechigen,Kanton Bern
Vella,Kanton GraubÃ¼nden
Vellerat,Kanton JuraÃ©lÃ©mont
Veltheim,Kanton Aargau
Vendlincourt,Kanton Jura
VenthÃ´ne,Kanton Tessin
Verdabbio,Kanton GraubÃ¼ndenÃ«sa
Vergeletto,Kanton Tessin
Vermes,Kanton JuraÃ©lÃ©mont
VernamiÃ¨ge,Kanton TessinÃ©rens
Vernate,Kanton Tessin
Vernay,Kanton Freiburg
Vernayaz,Kanton Tessin. Moritz
Vernier,Kanton Genf
VÃ©rossaz,Kanton Tessin. Moritz
Versam,Kanton GraubÃ¼nden
Verscio,Kanton Tessin
Versoix,Kanton Genf
VÃ©troz,Kanton Tessin
Vevey,Kanton Waadt
Vex,Kanton TessinÃ©rens
Veyras,Kanton Tessin
Veyrier,Kanton Genf
Veysonnazz,Kanton Tessin
Veytaux,Kanton Waadt
Vezia,Kanton Tessin
Vich,Kanton Waadt
Vico Morcote,Kanton Tessin
Vicosoprano,Kanton GraubÃ¼nden
Vicques,Kanton JuraÃ©lÃ©mont
Vignogn,Kanton GraubÃ¼nden
Villa Luganese,Kanton Tessin
Villarepos,Kanton Freiburg
Villars-Bramard,Kanton Waadt
Villars-Burquin,Kanton Waadt
Villarsel-sur-Marly,Kanton Freiburg
Villars-Epeney,Kanton Waadt
Villars-le-Comte,Kanton Waadt
Villars-le-Grand,Kanton Waadt
Villars-le-Terroir,Kanton Waadt
Villars-Mendraz,Kanton Waadt
Villars-Sainte-Croix,Kanton Waadt
Villars-sous-Champvent,Kanton Waadt
Villars-sous-Yens,Kanton Waadt
Villars-sur-GlÃ¢ne,Kanton Freiburg
Villars-Tiercelin,Kanton Waadt
Villarvolard,Kanton FreiburgÃ¨re
Villarzel,Kanton Waadt
Villaz-Saint-Pierre,Kanton FreiburgÃ¢ne
Villeneuve,Kanton Waadt
Villeneuve (FR),Kanton Freiburg
Villeret,Kanton Bern
Villette (Lavaux),Kanton Waadt
Villiers,Kanton Neuenburg Ruz
Villigen,Kanton Aargau
Villmergen,Kanton Aargau
Villnachern,Kanton Aargau
Villorsonnens,Kanton FreiburgÃ¢ne
Vilters-Wangs,Kanton St. Gallen
Vinelz,Kanton Bern
Vinzel,Kanton Waadt
Vionnaz,Kanton Tessin
Vira (Gambarogno),Kanton Tessin
Visp,Kanton Tessin
Visperterminen,Kanton Tessin
Vissoie,Kanton Tessin
Vitznau,Kanton Luzern
Vogorno,Kanton Tessin
Volken,Kanton ZÃ¼rich
Volketswil,Kanton ZÃ¼rich
VollÃ¨ges,Kanton Tessin
Vordemwald,Kanton Aargau
Vorderthal,Kanton Schwyz
Vouvry,Kanton Tessin
Vrin,Kanton GraubÃ¼nden
Vuadens,Kanton FreiburgÃ¨re
Vuarmarens,Kanton FreiburgÃ¢ne
Vuarrens,Kanton Waadt
Vucherens,Kanton Waadt
Vufflens-la-Ville,Kanton Waadt
Vufflens-le-ChÃ¢teau,Kanton Waadt
Vugelles-La Mothe,Kanton Waadt
Vuibroye,Kanton Waadt
Vuissens,Kanton Freiburg
Vuisternens-devant-Romont,Kanton FreiburgÃ¢ne
Vuisternens-en-Ogoz,Kanton Freiburg
Vuiteboeuf,Kanton Waadt
Vulliens,Kanton Waadt
Vullierens,Kanton Waadt
Wachseldorn,Kanton Bern
WÃ¤denswil,Kanton ZÃ¼rich
Wagenhausen,Kanton Thurgau
Wahlen,Kanton Basel
Wahlern,Kanton Bern

Walchwil,Kanton Zug
Wald,Kanton Appenzell
Wald (BE),Kanton Bern
Wald ZH,Kanton ZÃ¼rich
Waldenburg,Kanton Basel
WÃ¤ldi,Kanton Thurgau
Waldkirch SG,Kanton St. Gallen. Gallen
Waldstatt,Kanton Appenzell
Walenstadt,Kanton St. Gallen
Walkringen,Kanton Bern
Wallbach,Kanton Aargau
Wallenried,Kanton Freiburg
Wallisellen,Kanton ZÃ¼richÃ¼lach
Walliswil bei Niederbipp,Kanton Bern
Walliswil bei Wangen,Kanton Bern
Walperswil,Kanton Bern
Waltalingen,Kanton ZÃ¼rich
Waltensburg/Vuorz,Kanton GraubÃ¼nden
Waltenschwil,Kanton Aargau
Walterswil,Kanton Solothurn
Walterswil (BE),Kanton Bern
Walzenhausen,Kanton Appenzell
Wangen an der Aare,Kanton Bern
Wangen bei Olten,Kanton Solothurn
Wangen SZ,Kanton Schwyz
Wangen-BrÃ¼ttisellen,Kanton ZÃ¼rich
Wangenried,Kanton Bern
WÃ¤ngi,Kanton ThurgauÃ¼nchwilen
Wanzwil,Kanton Bern
Wartau,Kanton St. Gallen
Warth-Weiningen,Kanton Thurgau
Wassen,Kanton Uri
Wasterkingen,Kanton ZÃ¼richÃ¼lach
Wattenwil,Kanton Bern
Wattwil,Kanton St. Gallen
Wauwil,Kanton Luzern
Weesen SG,Kanton St. Gallen-Gaster
Wegenstetten,Kanton Aargau
Weggis,Kanton Luzern
Weiach,Kanton ZÃ¼rich
Weinfelden,Kanton Thurgau
Weiningen ZH- Kanton ZÃ¼rich
Weisslingen,Kanton ZÃ¼richÃ¤ffikon
Welschenrohr,Kanton Solothurn
Wengi,Kanton BernÃ¼ren
Wenslingen,Kanton Basel
Werthenstein,Kanton Luzern
Wettingen,Kanton Aargau
Wettswil am Albis,Kanton ZÃ¼rich
Wetzikon ZH,Kanton ZÃ¼rich
Wichtrach,Kanton Bern
Widen,Kanton Aargau
Widnau,Kanton St. Gallen
Wiedlisbach,Kanton Bern
Wiesen,Kanton GraubÃ¼nden
Wiesendangen,Kanton ZÃ¼rich
Wiggiswil,Kanton Bern
Wigoltingen,Kanton Thurgau
Wikon,Kanton Luzern
Wil,Kanton Aargau
Wil,Kanton St. Gallen
Wil ZH,Kanton ZÃ¼richÃ¼lach
Wila,Kanton ZÃ¼richÃ¤ffikon
Wilchingen,Kanton Schaffhausen
Wildberg,Kanton ZÃ¼richÃ¤ffikon
Wilderswil,Kanton Bern
Wildhaus,Kanton St. Gallen
Wilen (TG),Kanton ThurgauÃ¼nchwilen
Wiler (LÃ¶tschen),Kanton Tessin
Wiler bei Utzenstorf,Kanton Bern
Wileroltigen,Kanton Bern
Wiliberg,Kanton Aargau
Willadingen,Kanton Bern
Willisau,Kanton Luzern
Wimmis,Kanton Bern
Windisch,Kanton Aargau
Winikon,Kanton Luzern
Winkel,Kanton ZÃ¼richÃ¼lach
Wintersingen,Kanton Basel
Winterthur,Kanton ZÃ¼rich
Winznau,Kanton SolothurnÃ¶sgen
Wisen,Kanton SolothurnÃ¶sgen
Wislikofen,Kanton Aargau
Wittenbach,Kanton St. Gallen. Gallen
Witterswil,Kanton Solothurn
Wittinsburg,Kanton Basel
Wittnau,Kanton Aargau
Wohlen,Kanton Aargau
Wohlen bei Bern,Kanton Bern
Wohlenschwil,Kanton Aargau
Wolfenschiessen,Kanton Nidwalden
Wolfhalden,Kanton Appenzell
Wolfisberg,Kanton Bern
WÃ¶lflinswil,Kanton Aargau
Wolfwil,Kanton SolothurnÃ¤u
Wolhusen,Kanton Luzern
Wollerau,Kanton Schwyz
Worb,Kanton Bern
Worben,Kanton Bern
WÃ¼nnewil-Flamatt,Kanton Freiburg
Wuppenau,Kanton ThurgauÃ¼nchwilen
WÃ¼renlingen,Kanton Aargau
WÃ¼renlos,Kanton Aargau
Wynau,Kanton Bern
Wynigen,Kanton Bern
Wyssachen,Kanton Bern
Yens,Kanton Waadt
Yverdon-les-Bains,Kanton Waadt
Yvonand,Kanton Waadt
Yvorne,Kanton Waadt
Zauggenried,Kanton Bern
ZÃ¤ziwil,Kanton Bern
Zeglingen,Kanton Basel
Zeihen,Kanton Aargau
Zeiningen,Kanton Aargau
Zell (LU),Kanton Luzern
Zell ZH,Kanton ZÃ¼rich
Zeneggen,Kanton Tessin
Zermatt,Kanton Tessin
Zernez,Kanton GraubÃ¼nden
Zetzwil,Kanton Aargau
Ziefen,Kanton Basel
Zielebach,Kanton Bern
Zihlschlacht-Sitterdorf,Kanton Thurgau
Zillis-Reischen,Kanton GraubÃ¼nden
Zizers,Kanton GraubÃ¼nden
Zofingen,Kanton Aargau
Zollikofen,Kanton Bern
Zollikon,Kanton ZÃ¼rich
Zuchwil,Kanton Solothurn
Zufikon,Kanton Aargau
Zug,Kanton Zug
Zullwil,Kanton Solothurn
Zumholz,Kanton Freiburg
Zumikon,Kanton ZÃ¼rich
Zunzgen,Kanton Basel
Zuoz,Kanton GraubÃ¼nden
ZÃ¼rich,Kanton ZÃ¼richÃ¼rich
Zurzach,Kanton Aargau
Zuzgen,Kanton Aargau
Zuzwil,Kanton St. Gallen
Zuzwil (BE),Kanton Bern
Zweisimmen,Kanton Bern
Zwieselberg,Kanton Bern
Zwingen,Kanton Basel
Zwischbergen,Kanton Wallis
